Fecha;Nemotecnico; Preciocierre ; Precio_maximo ; Precio_promedio_ponderado ; Precio_minimo ;Cantidad;Volumen;Rendimiento
1/09/2022;ECOPETROL;2,210.00;2,257.00;2,206.09;2,180.00;7,260,050.00;16,016,334,209.00;3.905%
2/09/2022;ECOPETROL;2,298.00;2,305.00;2,280.98;2,217.00;4,997,266.00;11,398,669,276.00;1.554%
5/09/2022;ECOPETROL;2,334.00;2,360.00;2,341.56;2,306.00;1,089,796.00;2,551,823,729.00;0.086%
6/09/2022;ECOPETROL;2,336.00;2,370.00;2,345.80;2,320.00;2,978,120.00;6,986,064,582.00;-2.734%
7/09/2022;ECOPETROL;2,273.00;2,320.00;2,278.25;2,250.00;4,054,581.00;9,237,335,340.00;-1.462%
8/09/2022;ECOPETROL;2,240.00;2,295.00;2,253.00;2,235.00;5,573,422.00;12,556,913,741.00;4.025%
9/09/2022;ECOPETROL;2,332.00;2,355.00;2,335.03;2,282.00;5,190,574.00;12,120,168,236.00;2.791%
12/09/2022;ECOPETROL;2,398.00;2,435.00;2,405.72;2,335.00;4,305,164.00;10,357,031,391.00;-0.376%
13/09/2022;ECOPETROL;2,389.00;2,406.00;2,384.76;2,359.00;5,586,669.00;13,322,877,902.00;0.418%
14/09/2022;ECOPETROL;2,399.00;2,450.00;2,425.32;2,390.00;7,384,883.00;17,910,688,007.00;-3.997%
15/09/2022;ECOPETROL;2,305.00;2,400.00;2,331.65;2,300.00;5,064,177.00;11,807,870,524.00;-0.217%
16/09/2022;ECOPETROL;2,300.00;2,305.00;2,281.49;2,223.00;21,572,838.00;49,218,202,957.00;-0.873%
19/09/2022;ECOPETROL;2,280.00;2,290.00;2,263.61;2,218.00;2,612,146.00;5,912,892,276.00;-2.622%
20/09/2022;ECOPETROL;2,221.00;2,250.00;2,227.15;2,218.00;7,905,464.00;17,606,671,697.00;-1.863%
21/09/2022;ECOPETROL;2,180.00;2,250.00;2,193.26;2,177.00;7,001,838.00;15,356,840,703.00;1.322%
22/09/2022;ECOPETROL;2,209.00;2,244.00;2,202.62;2,175.00;4,102,971.00;9,037,290,573.00;-8.254%
23/09/2022;ECOPETROL;2,034.00;2,156.00;2,066.06;2,034.00;9,944,859.00;20,546,659,652.00;-3.197%
26/09/2022;ECOPETROL;1,970.00;2,050.00;1,976.55;1,940.00;5,590,268.00;11,049,455,386.00;2.457%
27/09/2022;ECOPETROL;2,019.00;2,093.00;2,033.03;1,992.00;4,025,883.00;8,184,754,399.00;2.059%
28/09/2022;ECOPETROL;2,061.00;2,061.00;2,032.42;1,994.00;3,738,569.00;7,598,340,617.00;0.918%
29/09/2022;ECOPETROL;2,080.00;2,083.00;2,063.37;1,995.00;2,743,619.00;5,661,094,712.00;-0.289%
30/09/2022;ECOPETROL;2,074.00;2,115.00;2,080.52;2,050.00;3,932,254.00;8,181,119,239.00;4.985%
3/10/2022;ECOPETROL;2,180.00;2,180.00;2,157.59;2,115.00;6,272,451.00;13,533,383,833.00;5.228%
4/10/2022;ECOPETROL;2,297.00;2,297.00;2,268.71;2,180.00;7,237,401.00;16,419,538,152.00;1.212%
5/10/2022;ECOPETROL;2,325.00;2,335.00;2,312.38;2,240.00;10,043,541.00;23,224,435,529.00;2.001%
6/10/2022;ECOPETROL;2,372.00;2,378.00;2,358.79;2,325.00;10,533,768.00;24,846,934,572.00;-1.358%
7/10/2022;ECOPETROL;2,340.00;2,402.00;2,370.75;2,329.00;6,702,153.00;15,889,133,598.00;-3.567%
10/10/2022;ECOPETROL;2,258.00;2,351.00;2,264.93;2,240.00;4,409,461.00;9,987,104,882.00;-3.561%
11/10/2022;ECOPETROL;2,179.00;2,243.00;2,207.44;2,172.00;5,892,516.00;13,007,353,092.00;-0.737%
12/10/2022;ECOPETROL;2,163.00;2,198.00;2,155.79;2,141.00;4,927,800.00;10,623,314,757.00;2.150%
13/10/2022;ECOPETROL;2,210.00;2,244.00;2,215.16;2,134.00;6,309,464.00;13,976,486,564.00;-2.288%
14/10/2022;ECOPETROL;2,160.00;2,204.00;2,168.03;2,160.00;4,774,223.00;10,350,644,244.00;4.082%
18/10/2022;ECOPETROL;2,250.00;2,250.00;2,221.48;2,100.00;6,116,479.00;13,587,661,964.00;2.805%
19/10/2022;ECOPETROL;2,314.00;2,330.00;2,309.62;2,254.00;12,400,647.00;28,640,805,327.00;-1.261%
20/10/2022;ECOPETROL;2,285.00;2,388.00;2,339.36;2,255.00;11,555,196.00;27,031,724,100.00;2.933%
21/10/2022;ECOPETROL;2,353.00;2,353.00;2,322.22;2,291.00;18,944,675.00;43,993,616,438.00;-2.278%
24/10/2022;ECOPETROL;2,300.00;2,355.00;2,316.10;2,295.00;7,370,038.00;17,069,730,342.00;-0.218%
25/10/2022;ECOPETROL;2,295.00;2,320.00;2,294.67;2,270.00;6,051,687.00;13,886,602,301.00;0.087%
26/10/2022;ECOPETROL;2,297.00;2,338.00;2,311.02;2,263.00;7,506,813.00;17,348,413,466.00;0.996%
27/10/2022;ECOPETROL;2,320.00;2,350.00;2,324.15;2,290.00;9,223,454.00;21,436,667,395.00;3.806%
28/10/2022;ECOPETROL;2,410.00;2,415.00;2,377.30;2,335.00;17,374,042.00;41,303,228,798.00;1.646%
31/10/2022;ECOPETROL;2,450.00;2,450.00;2,429.12;2,364.00;9,966,124.00;24,208,888,655.00;4.196%
1/11/2022;ECOPETROL;2,555.00;2,582.00;2,542.83;2,450.00;15,593,405.00;39,651,384,504.00;-2.617%
2/11/2022;ECOPETROL;2,489.00;2,560.00;2,516.90;2,481.00;6,792,140.00;17,095,107,092.00;-1.579%
3/11/2022;ECOPETROL;2,450.00;2,487.00;2,462.44;2,420.00;4,026,780.00;9,915,695,646.00;3.608%
4/11/2022;ECOPETROL;2,540.00;2,544.00;2,525.40;2,500.00;5,616,093.00;14,182,869,880.00;0.393%
8/11/2022;ECOPETROL;2,550.00;2,560.00;2,539.90;2,505.00;3,792,341.00;9,632,174,720.00;-6.021%
9/11/2022;ECOPETROL;2,401.00;2,599.00;2,473.62;2,400.00;8,928,254.00;22,085,100,512.00;7.924%
10/11/2022;ECOPETROL;2,599.00;2,599.00;2,457.84;2,352.00;13,999,872.00;34,409,380,109.00;-8.593%
11/11/2022;ECOPETROL;2,385.00;2,450.00;2,345.15;2,252.00;42,656,376.00;100,035,642,615.00;5.069%
15/11/2022;ECOPETROL;2,509.00;2,530.00;2,498.55;2,424.00;28,127,413.00;70,277,661,936.00;-4.026%
16/11/2022;ECOPETROL;2,410.00;2,520.00;2,463.53;2,410.00;17,874,188.00;44,033,641,828.00;3.666%
17/11/2022;ECOPETROL;2,500.00;2,500.00;2,472.11;2,400.00;10,933,896.00;27,029,771,383.00;-1.248%
18/11/2022;ECOPETROL;2,469.00;2,500.00;2,461.40;2,436.00;7,813,398.00;19,231,860,883.00;-3.587%
21/11/2022;ECOPETROL;2,382.00;2,436.00;2,369.26;2,303.00;13,172,050.00;31,207,977,481.00;4.915%
22/11/2022;ECOPETROL;2,502.00;2,502.00;2,487.28;2,385.00;9,036,985.00;22,477,517,689.00;-0.722%
23/11/2022;ECOPETROL;2,484.00;2,519.00;2,487.10;2,457.00;6,159,845.00;15,320,143,413.00;-1.378%
24/11/2022;ECOPETROL;2,450.00;2,480.00;2,448.07;2,435.00;1,660,807.00;4,065,766,201.00;0.285%
25/11/2022;ECOPETROL;2,457.00;2,546.00;2,518.20;2,457.00;11,708,659.00;29,484,747,813.00;-2.306%
28/11/2022;ECOPETROL;2,401.00;2,457.00;2,442.78;2,401.00;22,707,088.00;55,468,444,038.00;3.036%
29/11/2022;ECOPETROL;2,475.00;2,489.00;2,472.44;2,449.00;22,192,792.00;54,870,274,636.00;-7.769%
30/11/2022;ECOPETROL;2,290.00;2,510.00;2,307.86;2,290.00;308,627,836.00;712,269,719,084.00;0.436%
1/12/2022;ECOPETROL;2,300.00;2,307.00;2,287.90;2,190.00;147,003,134.00;336,327,994,619.00;-0.131%
2/12/2022;ECOPETROL;2,297.00;2,339.00;2,309.23;2,270.00;12,428,739.00;28,700,785,493.00;-2.557%
5/12/2022;ECOPETROL;2,239.00;2,340.00;2,265.44;2,202.00;8,478,467.00;19,207,485,271.00;0.490%
6/12/2022;ECOPETROL;2,250.00;2,250.00;2,225.37;2,200.00;5,076,263.00;11,296,559,733.00;-0.445%
7/12/2022;ECOPETROL;2,240.00;2,284.00;2,242.54;2,200.00;11,886,847.00;26,656,712,153.00;-2.029%
9/12/2022;ECOPETROL;2,195.00;2,239.00;2,201.33;2,180.00;12,477,101.00;27,466,256,684.00;0.862%
12/12/2022;ECOPETROL;2,214.00;2,219.00;2,198.34;2,165.00;2,347,822.00;5,161,322,653.00;1.168%
13/12/2022;ECOPETROL;2,240.00;2,265.00;2,249.28;2,220.00;5,329,134.00;11,986,736,446.00;-1.938%
14/12/2022;ECOPETROL;2,197.00;2,244.00;2,203.51;2,190.00;11,606,278.00;25,574,496,637.00;-0.639%
15/12/2022;ECOPETROL;2,183.00;2,214.00;2,171.84;2,151.00;4,272,355.00;9,278,871,497.00;-2.317%
16/12/2022;ECOPETROL;2,133.00;2,205.00;2,128.16;2,112.00;6,784,542.00;14,438,609,679.00;2.180%
19/12/2022;ECOPETROL;2,180.00;2,205.00;2,177.66;2,133.00;16,255,879.00;35,399,850,456.00;2.268%
20/12/2022;ECOPETROL;2,230.00;2,242.00;2,232.00;2,200.00;12,021,096.00;26,831,136,955.00;2.217%
21/12/2022;ECOPETROL;2,280.00;2,294.00;2,267.84;2,245.00;31,613,092.00;71,693,549,300.00;-1.458%
22/12/2022;ECOPETROL;2,247.00;2,280.00;2,236.67;2,206.00;3,099,797.00;6,933,214,274.00;2.331%
23/12/2022;ECOPETROL;2,300.00;2,350.00;2,300.92;2,270.00;38,061,271.00;87,575,987,633.00;0.909%
26/12/2022;ECOPETROL;2,321.00;2,338.00;2,297.44;2,290.00;1,135,993.00;2,609,871,718.00;3.347%
27/12/2022;ECOPETROL;2,400.00;2,400.00;2,377.69;2,350.00;15,275,167.00;36,319,615,076.00;-0.879%
28/12/2022;ECOPETROL;2,379.00;2,410.00;2,389.03;2,363.00;2,433,228.00;5,813,047,318.00;1.709%
29/12/2022;ECOPETROL;2,420.00;2,424.00;2,419.16;2,370.00;6,856,768.00;16,587,594,463.00;2.409%
2/01/2023;ECOPETROL;2,479.00;2,487.00;2,475.01;2,440.00;1,474,560.00;3,649,552,015.00;-4.075%
3/01/2023;ECOPETROL;2,380.00;2,510.00;2,439.46;2,380.00;8,883,437.00;21,670,750,392.00;1.460%
4/01/2023;ECOPETROL;2,415.00;2,466.00;2,412.40;2,340.00;14,320,260.00;34,546,130,465.00;3.858%
5/01/2023;ECOPETROL;2,510.00;2,514.00;2,486.09;2,428.00;9,307,020.00;23,138,062,252.00;5.277%
6/01/2023;ECOPETROL;2,646.00;2,657.00;2,628.62;2,515.00;21,712,400.00;57,073,565,385.00;1.463%
10/01/2023;ECOPETROL;2,685.00;2,700.00;2,643.67;2,574.00;8,389,320.00;22,178,554,416.00;-0.673%
11/01/2023;ECOPETROL;2,667.00;2,725.00;2,674.83;2,636.00;11,210,543.00;29,986,261,781.00;1.007%
12/01/2023;ECOPETROL;2,694.00;2,729.00;2,703.95;2,640.00;16,049,836.00;43,397,930,985.00;0.740%
13/01/2023;ECOPETROL;2,714.00;2,740.00;2,692.77;2,675.00;8,897,736.00;23,959,524,959.00;-0.517%
16/01/2023;ECOPETROL;2,700.00;2,722.00;2,708.30;2,694.00;508,524.00;1,377,234,685.00;0.591%
17/01/2023;ECOPETROL;2,716.00;2,734.00;2,717.11;2,701.00;4,391,571.00;11,932,359,990.00;3.153%
18/01/2023;ECOPETROL;2,803.00;2,854.00;2,806.94;2,730.00;12,467,371.00;34,995,144,955.00;-1.329%
19/01/2023;ECOPETROL;2,766.00;2,814.00;2,784.98;2,761.00;4,342,351.00;12,093,346,691.00;-0.617%
20/01/2023;ECOPETROL;2,749.00;2,785.00;2,757.28;2,746.00;4,671,757.00;12,881,335,730.00;-0.437%
23/01/2023;ECOPETROL;2,737.00;2,811.00;2,769.60;2,726.00;6,986,901.00;19,350,895,011.00;-2.478%
24/01/2023;ECOPETROL;2,670.00;2,761.00;2,700.97;2,670.00;9,074,076.00;24,508,833,710.00;-0.225%
25/01/2023;ECOPETROL;2,664.00;2,689.00;2,655.83;2,630.00;11,432,596.00;30,363,030,315.00;1.083%
26/01/2023;ECOPETROL;2,693.00;2,715.00;2,686.06;2,674.00;4,177,451.00;11,220,871,058.00;-3.246%
27/01/2023;ECOPETROL;2,607.00;2,651.00;2,606.09;2,575.00;17,102,952.00;44,571,840,331.00;-0.654%
30/01/2023;ECOPETROL;2,590.00;2,605.00;2,571.56;2,560.00;7,138,778.00;18,357,777,635.00;3.005%
31/01/2023;ECOPETROL;2,669.00;2,669.00;2,627.56;2,570.00;6,765,146.00;17,775,826,418.00;-3.663%
1/02/2023;ECOPETROL;2,573.00;2,664.00;2,604.97;2,572.00;9,267,539.00;24,141,662,781.00;-1.883%
2/02/2023;ECOPETROL;2,525.00;2,600.00;2,530.31;2,502.00;7,972,438.00;20,172,712,228.00;0.474%
3/02/2023;ECOPETROL;2,537.00;2,570.00;2,550.79;2,530.00;4,054,828.00;10,343,026,982.00;1.564%
6/02/2023;ECOPETROL;2,577.00;2,588.00;2,534.27;2,490.00;4,339,228.00;10,996,790,516.00;1.272%
7/02/2023;ECOPETROL;2,610.00;2,615.00;2,578.80;2,539.00;9,271,012.00;23,908,112,262.00;-1.079%
8/02/2023;ECOPETROL;2,582.00;2,661.00;2,606.57;2,580.00;6,591,305.00;17,180,691,394.00;-3.227%
9/02/2023;ECOPETROL;2,500.00;2,560.00;2,509.62;2,480.00;15,347,845.00;38,517,294,833.00;5.031%
10/02/2023;ECOPETROL;2,629.00;2,629.00;2,569.21;2,510.00;10,479,063.00;26,922,930,259.00;-1.109%
13/02/2023;ECOPETROL;2,600.00;2,630.00;2,613.04;2,600.00;4,118,829.00;10,762,665,618.00;-0.772%
14/02/2023;ECOPETROL;2,580.00;2,626.00;2,600.01;2,580.00;3,650,026.00;9,490,103,428.00;0.580%
15/02/2023;ECOPETROL;2,595.00;2,595.00;2,562.57;2,548.00;5,464,723.00;14,003,728,334.00;0.959%
16/02/2023;ECOPETROL;2,620.00;2,668.00;2,639.97;2,560.00;6,622,766.00;17,483,872,111.00;-3.259%
17/02/2023;ECOPETROL;2,536.00;2,600.00;2,552.81;2,531.00;4,895,456.00;12,497,190,838.00;0.590%
20/02/2023;ECOPETROL;2,551.00;2,589.00;2,553.22;2,536.00;216,139.00;551,849,576.00;1.440%
21/02/2023;ECOPETROL;2,588.00;2,604.00;2,586.40;2,550.00;4,331,156.00;11,202,104,462.00;-2.188%
22/02/2023;ECOPETROL;2,532.00;2,580.00;2,550.56;2,532.00;4,870,097.00;12,421,487,833.00;1.917%
23/02/2023;ECOPETROL;2,581.00;2,641.00;2,602.07;2,550.00;9,070,096.00;23,601,025,186.00;1.500%
24/02/2023;ECOPETROL;2,620.00;2,626.00;2,590.48;2,535.00;4,829,578.00;12,510,927,159.00;2.451%
27/02/2023;ECOPETROL;2,685.00;2,695.00;2,668.94;2,592.00;7,412,112.00;19,782,516,830.00;
1/09/2022;TERPEL; $ 7,835.00 ; $ 7,835.00 ; $ 7,822.05 ; $ 7,825.00 ;8,984.00;70,273,305.00;5.645%
2/09/2022;TERPEL; $ 8,290.00 ; $ 8,290.00 ; $ 7,891.51 ; $ 7,835.00 ;75,563.00;596,306,475.00;-0.363%
5/09/2022;TERPEL; $ 8,260.00 ; $ 8,300.00 ; $ 8,249.23 ; $ 8,260.00 ;6,484.00;53,487,980.00;0.000%
6/09/2022;TERPEL; $ 8,260.00 ;; $ 8,281.43 ;;2,699.00;22,351,585.00;0.000%
7/09/2022;TERPEL; $ 8,260.00 ; $ 8,260.00 ; $ 8,194.09 ; $ 8,260.00 ;3,223.00;26,409,560.00;-0.182%
8/09/2022;TERPEL; $ 8,245.00 ; $ 8,245.00 ; $ 8,126.96 ; $ 7,785.00 ;47,056.00;382,422,090.00;0.000%
9/09/2022;TERPEL; $ 8,245.00 ;; $ 8,080.54 ;;1,017.00;8,217,910.00;0.605%
12/09/2022;TERPEL; $ 8,295.00 ; $ 8,295.00 ; $ 7,910.43 ; $ 7,710.00 ;10,119.00;80,045,685.00;-1.580%
13/09/2022;TERPEL; $ 8,165.00 ; $ 8,165.00 ; $ 7,943.55 ; $ 7,900.00 ;15,726.00;124,920,250.00;-2.167%
14/09/2022;TERPEL; $ 7,990.00 ; $ 8,000.00 ; $ 7,903.21 ; $ 7,800.00 ;21,878.00;172,906,455.00;-0.502%
15/09/2022;TERPEL; $ 7,950.00 ; $ 7,950.00 ; $ 7,863.01 ; $ 7,710.00 ;6,332.00;49,788,590.00;0.000%
16/09/2022;TERPEL; $ 7,950.00 ;; $ 7,840.28 ;;2,030.00;15,915,775.00;-1.266%
19/09/2022;TERPEL; $ 7,850.00 ; $ 7,850.00 ; $ 7,856.14 ; $ 7,850.00 ;6,966.00;54,725,845.00;1.893%
20/09/2022;TERPEL; $ 8,000.00 ; $ 8,000.00 ; $ 7,940.98 ; $ 7,900.00 ;8,488.00;67,403,070.00;-1.258%
21/09/2022;TERPEL; $ 7,900.00 ; $ 8,000.00 ; $ 7,974.32 ; $ 7,900.00 ;7,945.00;63,355,980.00;2.500%
22/09/2022;TERPEL; $ 8,100.00 ; $ 8,100.00 ; $ 8,061.08 ; $ 7,920.00 ;20,854.00;168,105,765.00;-2.500%
23/09/2022;TERPEL; $ 7,900.00 ; $ 7,910.00 ; $ 7,917.69 ; $ 7,900.00 ;6,939.00;54,940,860.00;1.133%
26/09/2022;TERPEL; $ 7,990.00 ; $ 7,990.00 ; $ 7,866.54 ; $ 7,805.00 ;7,279.00;57,260,575.00;-3.179%
27/09/2022;TERPEL; $ 7,740.00 ; $ 7,740.00 ; $ 7,763.99 ; $ 7,740.00 ;5,312.00;41,242,325.00;0.129%
28/09/2022;TERPEL; $ 7,750.00 ; $ 7,750.00 ; $ 7,763.65 ; $ 7,750.00 ;5,492.00;42,637,975.00;3.050%
29/09/2022;TERPEL; $ 7,990.00 ; $ 7,990.00 ; $ 7,916.23 ; $ 7,990.00 ;4,370.00;34,593,930.00;1.306%
30/09/2022;TERPEL; $ 8,095.00 ; $ 8,095.00 ; $ 7,994.41 ; $ 7,985.00 ;13,379.00;106,957,160.00;-1.056%
3/10/2022;TERPEL; $ 8,010.00 ; $ 8,070.00 ; $ 7,927.33 ; $ 7,760.00 ;23,398.00;185,483,675.00;2.100%
4/10/2022;TERPEL; $ 8,180.00 ; $ 8,180.00 ; $ 8,067.53 ; $ 8,010.00 ;24,249.00;195,629,475.00;0.244%
5/10/2022;TERPEL; $ 8,200.00 ; $ 8,200.00 ; $ 8,166.13 ; $ 8,100.00 ;15,144.00;123,667,865.00;-0.122%
6/10/2022;TERPEL; $ 8,190.00 ; $ 8,190.00 ; $ 8,180.38 ; $ 8,190.00 ;11,829.00;96,765,720.00;-1.105%
7/10/2022;TERPEL; $ 8,100.00 ; $ 8,200.00 ; $ 8,163.39 ; $ 7,820.00 ;21,176.00;172,868,030.00;1.044%
10/10/2022;TERPEL; $ 8,185.00 ; $ 8,185.00 ; $ 8,020.95 ; $ 7,830.00 ;8,535.00;68,458,800.00;-0.429%
11/10/2022;TERPEL; $ 8,150.00 ; $ 8,185.00 ; $ 8,090.69 ; $ 8,000.00 ;9,510.00;76,942,500.00;0.000%
12/10/2022;TERPEL; $ 8,150.00 ;; $ 7,974.02 ;;2,281.00;18,188,735.00;0.429%
13/10/2022;TERPEL; $ 8,185.00 ; $ 8,185.00 ; $ 8,057.16 ; $ 7,970.00 ;38,429.00;309,628,745.00;-5.075%
14/10/2022;TERPEL; $ 7,780.00 ; $ 8,000.00 ; $ 7,950.09 ; $ 7,780.00 ;14,028.00;111,523,900.00;4.523%
18/10/2022;TERPEL; $ 8,140.00 ; $ 8,140.00 ; $ 7,972.35 ; $ 8,140.00 ;8,573.00;68,346,995.00;0.490%
19/10/2022;TERPEL; $ 8,180.00 ; $ 8,180.00 ; $ 8,107.94 ; $ 8,060.00 ;7,826.00;63,452,720.00;0.000%
20/10/2022;TERPEL; $ 8,180.00 ; $ 8,180.00 ; $ 8,005.73 ; $ 7,910.00 ;8,538.00;68,352,960.00;0.000%
21/10/2022;TERPEL; $ 8,180.00 ;; $ 8,051.68 ;;1,794.00;14,444,705.00;-1.230%
24/10/2022;TERPEL; $ 8,080.00 ; $ 8,080.00 ; $ 7,952.45 ; $ 7,815.00 ;14,389.00;114,427,865.00;0.000%
25/10/2022;TERPEL; $ 8,080.00 ;; $ 7,917.08 ;;2,523.00;19,974,800.00;-3.463%
26/10/2022;TERPEL; $ 7,805.00 ; $ 8,030.00 ; $ 7,810.93 ; $ 7,720.00 ;23,587.00;184,236,400.00;0.702%
27/10/2022;TERPEL; $ 7,860.00 ; $ 7,860.00 ; $ 7,870.53 ; $ 7,860.00 ;4,374.00;34,425,685.00;1.890%
28/10/2022;TERPEL; $ 8,010.00 ; $ 8,010.00 ; $ 7,922.49 ; $ 7,865.00 ;7,926.00;62,793,665.00;0.249%
31/10/2022;TERPEL; $ 8,030.00 ; $ 8,030.00 ; $ 7,963.91 ; $ 7,900.00 ;12,628.00;100,568,195.00;1.483%
1/11/2022;TERPEL; $ 8,150.00 ; $ 8,170.00 ; $ 8,147.62 ; $ 8,100.00 ;25,448.00;207,340,735.00;0.245%
2/11/2022;TERPEL; $ 8,170.00 ; $ 8,170.00 ; $ 8,137.26 ; $ 8,170.00 ;8,379.00;68,182,135.00;0.000%
3/11/2022;TERPEL; $ 8,170.00 ; $ 8,170.00 ; $ 8,107.78 ; $ 8,040.00 ;9,641.00;78,167,070.00;-0.122%
4/11/2022;TERPEL; $ 8,160.00 ; $ 8,170.00 ; $ 8,125.71 ; $ 8,100.00 ;18,749.00;152,348,850.00;-0.061%
8/11/2022;TERPEL; $ 8,155.00 ; $ 8,155.00 ; $ 8,000.83 ; $ 7,915.00 ;29,289.00;234,336,310.00;-1.919%
9/11/2022;TERPEL; $ 8,000.00 ; $ 8,160.00 ; $ 8,078.24 ; $ 8,000.00 ;23,211.00;187,503,965.00;2.286%
10/11/2022;TERPEL; $ 8,185.00 ; $ 8,185.00 ; $ 8,116.74 ; $ 8,050.00 ;18,512.00;150,257,150.00;0.000%
11/11/2022;TERPEL; $ 8,185.00 ; $ 8,185.00 ; $ 8,150.11 ; $ 8,100.00 ;28,769.00;234,470,635.00;0.000%
15/11/2022;TERPEL; $ 8,185.00 ; $ 8,185.00 ; $ 8,117.47 ; $ 8,075.00 ;33,230.00;269,743,685.00;-1.044%
16/11/2022;TERPEL; $ 8,100.00 ; $ 8,180.00 ; $ 8,071.55 ; $ 8,000.00 ;10,362.00;83,637,400.00;-0.062%
17/11/2022;TERPEL; $ 8,095.00 ; $ 8,095.00 ; $ 7,968.20 ; $ 7,940.00 ;46,000.00;366,537,345.00;-1.682%
18/11/2022;TERPEL; $ 7,960.00 ; $ 7,960.00 ; $ 7,963.65 ; $ 7,960.00 ;2,665.00;21,223,120.00;0.501%
21/11/2022;TERPEL; $ 8,000.00 ; $ 8,000.00 ; $ 7,950.16 ; $ 7,940.00 ;21,106.00;167,796,155.00;0.000%
22/11/2022;TERPEL; $ 8,000.00 ; $ 8,050.00 ; $ 8,000.77 ; $ 8,000.00 ;23,016.00;184,145,680.00;0.000%
23/11/2022;TERPEL; $ 8,000.00 ;; $ 7,964.82 ;;1,415.00;11,270,220.00;0.000%
24/11/2022;TERPEL; $ 8,000.00 ; $ 8,000.00 ; $ 7,991.33 ; $ 8,000.00 ;2,416.00;19,307,055.00;-1.258%
25/11/2022;TERPEL; $ 7,900.00 ; $ 7,925.00 ; $ 7,917.41 ; $ 7,900.00 ;11,813.00;93,528,340.00;0.127%
28/11/2022;TERPEL; $ 7,910.00 ; $ 7,910.00 ; $ 7,911.06 ; $ 7,910.00 ;10,205.00;80,732,355.00;0.630%
29/11/2022;TERPEL; $ 7,960.00 ; $ 7,960.00 ; $ 7,954.10 ; $ 7,910.00 ;7,620.00;60,610,230.00;2.236%
30/11/2022;TERPEL; $ 8,140.00 ; $ 8,140.00 ; $ 8,100.82 ; $ 7,910.00 ;33,832.00;274,067,100.00;0.000%
1/12/2022;TERPEL; $ 8,140.00 ; $ 8,140.00 ; $ 8,137.91 ; $ 8,140.00 ;46,067.00;374,889,120.00;0.000%
2/12/2022;TERPEL; $ 8,140.00 ;; $ 8,123.71 ;;1,500.00;12,185,560.00;-2.993%
5/12/2022;TERPEL; $ 7,900.00 ; $ 7,925.00 ; $ 7,904.44 ; $ 7,900.00 ;23,084.00;182,466,025.00;-1.531%
6/12/2022;TERPEL; $ 7,780.00 ; $ 7,780.00 ; $ 7,803.09 ; $ 7,705.00 ;4,542.00;35,441,650.00;-0.386%
7/12/2022;TERPEL; $ 7,750.00 ; $ 7,750.00 ; $ 7,815.56 ; $ 7,750.00 ;7,124.00;55,678,080.00;0.000%
9/12/2022;TERPEL; $ 7,750.00 ; $ 7,750.00 ; $ 7,758.27 ; $ 7,750.00 ;8,098.00;62,826,485.00;0.000%
12/12/2022;TERPEL; $ 7,750.00 ;; $ 7,883.68 ;;971;7,655,055.00;-1.954%
13/12/2022;TERPEL; $ 7,600.00 ; $ 7,730.00 ; $ 7,643.63 ; $ 7,600.00 ;19,900.00;152,108,160.00;3.935%
14/12/2022;TERPEL; $ 7,905.00 ; $ 7,905.00 ; $ 7,893.13 ; $ 7,900.00 ;5,003.00;39,489,310.00;0.000%
15/12/2022;TERPEL; $ 7,905.00 ;; $ 7,882.54 ;;3,761.00;29,646,235.00;-2.628%
16/12/2022;TERPEL; $ 7,700.00 ; $ 7,700.00 ; $ 7,731.23 ; $ 7,700.00 ;3,673.00;28,396,795.00;2.564%
19/12/2022;TERPEL; $ 7,900.00 ; $ 7,900.00 ; $ 7,860.85 ; $ 7,800.00 ;3,863.00;30,366,475.00;-0.635%
20/12/2022;TERPEL; $ 7,850.00 ; $ 7,850.00 ; $ 7,883.38 ; $ 7,850.00 ;1,811.00;14,276,805.00;1.893%
21/12/2022;TERPEL; $ 8,000.00 ; $ 8,000.00 ; $ 7,991.70 ; $ 8,000.00 ;5,581.00;44,601,700.00;0.000%
22/12/2022;TERPEL; $ 8,000.00 ; $ 8,000.00 ; $ 7,971.35 ; $ 7,900.00 ;22,526.00;179,562,620.00;0.000%
23/12/2022;TERPEL; $ 8,000.00 ;; $ 8,038.87 ;;796;6,398,940.00;0.499%
26/12/2022;TERPEL; $ 8,040.00 ; $ 8,040.00 ; $ 8,043.61 ; $ 8,040.00 ;3,600.00;28,956,985.00;-1.757%
27/12/2022;TERPEL; $ 7,900.00 ; $ 7,900.00 ; $ 7,927.19 ; $ 7,900.00 ;6,879.00;54,531,125.00;0.000%
28/12/2022;TERPEL; $ 7,900.00 ;; $ 7,835.31 ;;2,905.00;22,761,585.00;1.632%
29/12/2022;TERPEL; $ 8,030.00 ; $ 8,030.00 ; $ 8,020.54 ; $ 8,030.00 ;6,352.00;50,946,485.00;-0.374%
2/01/2023;TERPEL; $ 8,000.00 ; $ 8,000.00 ; $ 8,040.31 ; $ 8,000.00 ;3,618.00;29,089,830.00;0.000%
3/01/2023;TERPEL; $ 8,000.00 ;; $ 7,970.26 ;;2,127.00;16,952,745.00;0.623%
4/01/2023;TERPEL; $ 8,050.00 ; $ 8,050.00 ; $ 8,068.77 ; $ 8,050.00 ;3,960.00;31,952,340.00;0.000%
5/01/2023;TERPEL; $ 8,050.00 ;; $ 8,086.49 ;;2,352.00;19,019,430.00;0.619%
6/01/2023;TERPEL; $ 8,100.00 ; $ 8,100.00 ; $ 8,096.89 ; $ 8,055.00 ;12,126.00;98,182,835.00;0.000%
10/01/2023;TERPEL; $ 8,100.00 ; $ 8,100.00 ; $ 8,100.74 ; $ 8,100.00 ;24,350.00;197,252,915.00;0.000%
11/01/2023;TERPEL; $ 8,100.00 ; $ 8,100.00 ; $ 8,089.68 ; $ 8,100.00 ;6,155.00;49,791,975.00;0.615%
12/01/2023;TERPEL; $ 8,150.00 ; $ 8,150.00 ; $ 8,110.72 ; $ 8,060.00 ;22,621.00;183,472,540.00;0.306%
13/01/2023;TERPEL; $ 8,175.00 ; $ 8,175.00 ; $ 8,172.89 ; $ 8,175.00 ;9,619.00;78,615,050.00;-0.490%
16/01/2023;TERPEL; $ 8,135.00 ; $ 8,135.00 ; $ 8,141.85 ; $ 8,115.00 ;5,810.00;47,304,155.00;0.796%
17/01/2023;TERPEL; $ 8,200.00 ; $ 8,200.00 ; $ 8,180.54 ; $ 8,190.00 ;7,109.00;58,155,460.00;0.608%
18/01/2023;TERPEL; $ 8,250.00 ; $ 8,250.00 ; $ 8,209.06 ; $ 8,200.00 ;53,325.00;437,748,060.00;-1.220%
19/01/2023;TERPEL; $ 8,150.00 ; $ 8,300.00 ; $ 8,215.59 ; $ 8,150.00 ;14,387.00;118,197,760.00;0.000%
20/01/2023;TERPEL; $ 8,150.00 ;; $ 8,213.68 ;;1,296.00;10,644,925.00;0.061%
23/01/2023;TERPEL; $ 8,155.00 ; $ 8,350.00 ; $ 8,241.77 ; $ 8,155.00 ;7,938.00;65,423,140.00;-0.061%
24/01/2023;TERPEL; $ 8,150.00 ; $ 8,160.00 ; $ 8,158.01 ; $ 8,150.00 ;9,689.00;79,042,920.00;0.612%
25/01/2023;TERPEL; $ 8,200.00 ; $ 8,200.00 ; $ 8,128.67 ; $ 8,100.00 ;13,346.00;108,485,210.00;0.000%
26/01/2023;TERPEL; $ 8,200.00 ;; $ 8,210.70 ;;3,931.00;32,276,270.00;0.000%
27/01/2023;TERPEL; $ 8,200.00 ; $ 8,200.00 ; $ 8,199.38 ; $ 8,200.00 ;11,696.00;95,899,900.00;-2.344%
30/01/2023;TERPEL; $ 8,010.00 ; $ 8,010.00 ; $ 8,109.69 ; $ 8,010.00 ;6,027.00;48,877,075.00;2.100%
31/01/2023;TERPEL; $ 8,180.00 ; $ 8,180.00 ; $ 8,116.80 ; $ 8,025.00 ;13,288.00;107,856,040.00;-1.478%
1/02/2023;TERPEL; $ 8,060.00 ; $ 8,060.00 ; $ 8,065.42 ; $ 8,060.00 ;3,153.00;25,430,255.00;1.722%
2/02/2023;TERPEL; $ 8,200.00 ; $ 8,200.00 ; $ 8,192.76 ; $ 8,200.00 ;9,361.00;76,692,435.00;-1.227%
3/02/2023;TERPEL; $ 8,100.00 ; $ 8,100.00 ; $ 8,100.08 ; $ 8,100.00 ;3,581.00;29,006,400.00;0.000%
6/02/2023;TERPEL; $ 8,100.00 ; $ 8,150.00 ; $ 8,106.94 ; $ 8,100.00 ;5,935.00;48,114,680.00;0.000%
7/02/2023;TERPEL; $ 8,100.00 ;; $ 8,156.59 ;;1,584.00;12,920,040.00;0.000%
8/02/2023;TERPEL; $ 8,100.00 ;; $ 8,108.05 ;;1,729.00;14,018,820.00;3.577%
9/02/2023;TERPEL; $ 8,395.00 ; $ 8,395.00 ; $ 8,295.18 ; $ 8,130.00 ;13,585.00;112,690,055.00;-4.695%
10/02/2023;TERPEL; $ 8,010.00 ; $ 8,010.00 ; $ 8,037.12 ; $ 8,000.00 ;14,223.00;114,311,995.00;-0.752%
13/02/2023;TERPEL; $ 7,950.00 ; $ 8,020.00 ; $ 8,004.50 ; $ 7,950.00 ;16,416.00;131,401,815.00;-0.126%
14/02/2023;TERPEL; $ 7,940.00 ; $ 7,940.00 ; $ 7,956.32 ; $ 7,940.00 ;5,592.00;44,491,750.00;-0.505%
15/02/2023;TERPEL; $ 7,900.00 ; $ 7,915.00 ; $ 7,904.77 ; $ 7,900.00 ;22,945.00;181,374,995.00;0.000%
16/02/2023;TERPEL; $ 7,900.00 ;; $ 7,983.15 ;;2,951.00;23,558,270.00;0.253%
17/02/2023;TERPEL; $ 7,920.00 ; $ 7,920.00 ; $ 7,932.08 ; $ 7,920.00 ;6,447.00;51,138,145.00;0.000%
20/02/2023;TERPEL; $ 7,920.00 ;; $ 7,892.83 ;;1,440.00;11,365,670.00;0.000%
21/02/2023;TERPEL; $ 7,920.00 ;; $ 7,912.61 ;;1,443.00;11,417,900.00;0.000%
22/02/2023;TERPEL; $ 7,920.00 ;; $ 7,883.80 ;;5,149.00;40,593,685.00;-1.527%
23/02/2023;TERPEL; $ 7,800.00 ; $ 8,000.00 ; $ 7,913.10 ; $ 7,800.00 ;16,120.00;127,559,120.00;0.064%
24/02/2023;TERPEL; $ 7,805.00 ; $ 7,805.00 ; $ 7,895.75 ; $ 7,800.00 ;8,316.00;65,661,080.00;3.401%
27/02/2023;TERPEL; $ 8,075.00 ; $ 8,075.00 ; $ 7,937.56 ; $ 7,850.00 ;7,703.00;61,143,045.00;
1/09/2022;CEMARGOS; $ 3,585.00 ; $ 3,585.00 ; $ 3,536.40 ; $ 3,485.00 ;111,127.00;392,989,595.00;0.667%
2/09/2022;CEMARGOS; $ 3,609.00 ; $ 3,620.00 ; $ 3,606.89 ; $ 3,585.00 ;122,333.00;441,241,246.00;2.355%
5/09/2022;CEMARGOS; $ 3,695.00 ; $ 3,695.00 ; $ 3,612.71 ; $ 3,600.00 ;82,448.00;297,860,820.00;-0.434%
6/09/2022;CEMARGOS; $ 3,679.00 ; $ 3,700.00 ; $ 3,658.30 ; $ 3,600.00 ;305,774.00;1,118,611,786.00;0.027%
7/09/2022;CEMARGOS; $ 3,680.00 ; $ 3,725.00 ; $ 3,692.65 ; $ 3,621.00 ;96,396.00;355,956,568.00;-0.545%
8/09/2022;CEMARGOS; $ 3,660.00 ; $ 3,660.00 ; $ 3,638.53 ; $ 3,600.00 ;167,464.00;609,322,234.00;3.727%
9/09/2022;CEMARGOS; $ 3,799.00 ; $ 3,800.00 ; $ 3,774.74 ; $ 3,700.00 ;698,523.00;2,636,739,446.00;0.026%
12/09/2022;CEMARGOS; $ 3,800.00 ; $ 3,800.00 ; $ 3,799.38 ; $ 3,780.00 ;98,190.00;373,061,072.00;0.525%
13/09/2022;CEMARGOS; $ 3,820.00 ; $ 3,838.00 ; $ 3,811.45 ; $ 3,770.00 ;867,757.00;3,307,410,045.00;-0.788%
14/09/2022;CEMARGOS; $ 3,790.00 ; $ 3,805.00 ; $ 3,796.23 ; $ 3,701.00 ;343,388.00;1,303,578,910.00;-0.529%
15/09/2022;CEMARGOS; $ 3,770.00 ; $ 3,800.00 ; $ 3,783.46 ; $ 3,601.00 ;897,856.00;3,397,005,170.00;9.531%
16/09/2022;CEMARGOS; $ 4,147.00 ; $ 4,147.00 ; $ 4,109.51 ; $ 3,601.00 ;1,808,286.00;7,431,175,997.00;-6.141%
19/09/2022;CEMARGOS; $ 3,900.00 ; $ 3,963.00 ; $ 3,905.77 ; $ 3,854.00 ;247,461.00;966,525,952.00;-2.598%
20/09/2022;CEMARGOS; $ 3,800.00 ; $ 3,900.00 ; $ 3,807.86 ; $ 3,800.00 ;140,947.00;536,705,756.00;-2.397%
21/09/2022;CEMARGOS; $ 3,710.00 ; $ 3,965.00 ; $ 3,794.97 ; $ 3,606.00 ;195,006.00;740,041,223.00;-3.010%
22/09/2022;CEMARGOS; $ 3,600.00 ; $ 3,707.00 ; $ 3,623.45 ; $ 3,600.00 ;88,216.00;319,646,610.00;-5.716%
23/09/2022;CEMARGOS; $ 3,400.00 ; $ 3,502.00 ; $ 3,434.77 ; $ 3,400.00 ;160,306.00;550,614,428.00;-7.004%
26/09/2022;CEMARGOS; $ 3,170.00 ; $ 3,350.00 ; $ 3,267.22 ; $ 3,170.00 ;124,447.00;406,595,802.00;4.864%
27/09/2022;CEMARGOS; $ 3,328.00 ; $ 3,328.00 ; $ 3,295.91 ; $ 3,201.00 ;88,251.00;290,867,047.00;-2.064%
28/09/2022;CEMARGOS; $ 3,260.00 ; $ 3,260.00 ; $ 3,263.37 ; $ 3,260.00 ;26,813.00;87,500,790.00;0.794%
29/09/2022;CEMARGOS; $ 3,286.00 ; $ 3,286.00 ; $ 3,253.09 ; $ 3,183.00 ;150,417.00;489,320,241.00;2.820%
30/09/2022;CEMARGOS; $ 3,380.00 ; $ 3,400.00 ; $ 3,371.09 ; $ 3,299.00 ;199,429.00;672,292,538.00;0.590%
3/10/2022;CEMARGOS; $ 3,400.00 ; $ 3,476.00 ; $ 3,446.86 ; $ 3,400.00 ;25,867.00;89,160,029.00;2.899%
4/10/2022;CEMARGOS; $ 3,500.00 ; $ 3,500.00 ; $ 3,488.20 ; $ 3,400.00 ;280,550.00;978,615,126.00;2.817%
5/10/2022;CEMARGOS; $ 3,600.00 ; $ 3,600.00 ; $ 3,513.42 ; $ 3,430.00 ;256,037.00;899,565,064.00;-3.678%
6/10/2022;CEMARGOS; $ 3,470.00 ; $ 3,684.00 ; $ 3,506.53 ; $ 3,470.00 ;145,420.00;509,920,114.00;-1.247%
7/10/2022;CEMARGOS; $ 3,427.00 ; $ 3,500.00 ; $ 3,416.66 ; $ 3,400.00 ;89,994.00;307,479,023.00;0.058%
10/10/2022;CEMARGOS; $ 3,429.00 ; $ 3,429.00 ; $ 3,410.70 ; $ 3,380.00 ;23,479.00;80,079,914.00;-2.990%
11/10/2022;CEMARGOS; $ 3,328.00 ; $ 3,350.00 ; $ 3,296.26 ; $ 3,100.00 ;126,018.00;415,388,168.00;-0.090%
12/10/2022;CEMARGOS; $ 3,325.00 ; $ 3,327.00 ; $ 3,323.58 ; $ 3,325.00 ;7,357.00;24,451,588.00;-4.427%
13/10/2022;CEMARGOS; $ 3,181.00 ; $ 3,320.00 ; $ 3,235.59 ; $ 3,180.00 ;193,895.00;627,363,851.00;2.146%
14/10/2022;CEMARGOS; $ 3,250.00 ; $ 3,250.00 ; $ 3,131.82 ; $ 3,110.00 ;256,683.00;803,885,350.00;-3.762%
18/10/2022;CEMARGOS; $ 3,130.00 ; $ 3,200.00 ; $ 3,132.07 ; $ 3,100.00 ;163,196.00;511,141,132.00;3.145%
19/10/2022;CEMARGOS; $ 3,230.00 ; $ 3,245.00 ; $ 3,217.00 ; $ 3,157.00 ;138,839.00;446,645,733.00;-4.044%
20/10/2022;CEMARGOS; $ 3,102.00 ; $ 3,240.00 ; $ 3,183.42 ; $ 3,102.00 ;101,305.00;322,496,456.00;-0.064%
21/10/2022;CEMARGOS; $ 3,100.00 ; $ 3,101.00 ; $ 3,054.41 ; $ 2,801.00 ;99,669.00;304,429,586.00;-3.179%
24/10/2022;CEMARGOS; $ 3,003.00 ; $ 3,200.00 ; $ 3,102.09 ; $ 3,003.00 ;202,495.00;628,158,180.00;3.179%
25/10/2022;CEMARGOS; $ 3,100.00 ; $ 3,130.00 ; $ 3,095.73 ; $ 3,000.00 ;78,720.00;243,696,200.00;2.862%
26/10/2022;CEMARGOS; $ 3,190.00 ; $ 3,215.00 ; $ 3,177.53 ; $ 3,110.00 ;119,272.00;378,990,121.00;0.282%
27/10/2022;CEMARGOS; $ 3,199.00 ; $ 3,199.00 ; $ 3,142.04 ; $ 3,100.00 ;138,558.00;435,354,975.00;3.713%
28/10/2022;CEMARGOS; $ 3,320.00 ; $ 3,330.00 ; $ 3,265.51 ; $ 3,198.00 ;192,105.00;627,320,067.00;0.301%
31/10/2022;CEMARGOS; $ 3,330.00 ; $ 3,341.00 ; $ 3,288.73 ; $ 3,160.00 ;57,013.00;187,500,128.00;0.270%
1/11/2022;CEMARGOS; $ 3,339.00 ; $ 3,436.00 ; $ 3,337.72 ; $ 3,256.00 ;223,701.00;746,652,388.00;-4.252%
2/11/2022;CEMARGOS; $ 3,200.00 ; $ 3,339.00 ; $ 3,274.20 ; $ 3,196.00 ;242,945.00;795,450,471.00;-0.031%
3/11/2022;CEMARGOS; $ 3,199.00 ; $ 3,229.00 ; $ 3,191.11 ; $ 3,119.00 ;33,251.00;106,107,659.00;-0.282%
4/11/2022;CEMARGOS; $ 3,190.00 ; $ 3,218.00 ; $ 3,158.89 ; $ 3,110.00 ;140,826.00;444,853,867.00;1.524%
8/11/2022;CEMARGOS; $ 3,239.00 ; $ 3,240.00 ; $ 3,218.20 ; $ 3,200.00 ;108,927.00;350,549,125.00;-1.243%
9/11/2022;CEMARGOS; $ 3,199.00 ; $ 3,248.00 ; $ 3,208.60 ; $ 3,199.00 ;257,429.00;825,987,402.00;4.612%
10/11/2022;CEMARGOS; $ 3,350.00 ; $ 3,350.00 ; $ 3,304.69 ; $ 3,199.00 ;104,255.00;344,530,194.00;2.068%
11/11/2022;CEMARGOS; $ 3,420.00 ; $ 3,510.00 ; $ 3,439.45 ; $ 3,345.00 ;378,982.00;1,303,489,168.00;9.478%
15/11/2022;CEMARGOS; $ 3,760.00 ; $ 3,790.00 ; $ 3,687.76 ; $ 3,481.00 ;369,783.00;1,363,669,468.00;2.884%
16/11/2022;CEMARGOS; $ 3,870.00 ; $ 3,960.00 ; $ 3,868.53 ; $ 3,620.00 ;691,912.00;2,676,681,145.00;-0.259%
17/11/2022;CEMARGOS; $ 3,860.00 ; $ 3,870.00 ; $ 3,848.48 ; $ 3,762.00 ;165,055.00;635,210,790.00;-0.259%
18/11/2022;CEMARGOS; $ 3,850.00 ; $ 3,900.00 ; $ 3,863.87 ; $ 3,800.00 ;89,337.00;345,186,670.00;0.000%
21/11/2022;CEMARGOS; $ 3,850.00 ;; $ 3,819.56 ;;12,463.00;47,603,131.00;-1.281%
22/11/2022;CEMARGOS; $ 3,801.00 ; $ 3,801.00 ; $ 3,766.84 ; $ 3,723.00 ;107,283.00;404,117,894.00;0.446%
23/11/2022;CEMARGOS; $ 3,818.00 ; $ 3,850.00 ; $ 3,836.87 ; $ 3,750.00 ;92,537.00;355,052,655.00;-0.473%
24/11/2022;CEMARGOS; $ 3,800.00 ; $ 3,801.00 ; $ 3,781.65 ; $ 3,720.00 ;45,464.00;171,928,889.00;-0.819%
25/11/2022;CEMARGOS; $ 3,769.00 ; $ 3,926.00 ; $ 3,780.87 ; $ 3,761.00 ;73,438.00;277,659,339.00;0.819%
28/11/2022;CEMARGOS; $ 3,800.00 ; $ 3,800.00 ; $ 3,709.49 ; $ 3,649.00 ;100,419.00;372,503,460.00;-0.079%
29/11/2022;CEMARGOS; $ 3,797.00 ; $ 3,810.00 ; $ 3,799.37 ; $ 3,790.00 ;579,141.00;2,200,372,806.00;-8.059%
30/11/2022;CEMARGOS; $ 3,503.00 ; $ 3,799.00 ; $ 3,541.77 ; $ 3,503.00 ;427,832.00;1,515,284,302.00;6.814%
1/12/2022;CEMARGOS; $ 3,750.00 ; $ 3,766.00 ; $ 3,756.35 ; $ 3,550.00 ;1,598,160.00;6,003,242,019.00;0.797%
2/12/2022;CEMARGOS; $ 3,780.00 ; $ 3,800.00 ; $ 3,783.02 ; $ 3,760.00 ;258,328.00;977,260,852.00;-2.139%
5/12/2022;CEMARGOS; $ 3,700.00 ; $ 3,779.00 ; $ 3,694.37 ; $ 3,650.00 ;90,547.00;334,514,033.00;1.209%
6/12/2022;CEMARGOS; $ 3,745.00 ; $ 3,745.00 ; $ 3,685.30 ; $ 3,679.00 ;588,208.00;2,167,721,404.00;-2.105%
7/12/2022;CEMARGOS; $ 3,667.00 ; $ 3,737.00 ; $ 3,646.40 ; $ 3,621.00 ;314,018.00;1,145,035,568.00;0.842%
9/12/2022;CEMARGOS; $ 3,698.00 ; $ 3,719.00 ; $ 3,690.64 ; $ 3,667.00 ;123,912.00;457,315,051.00;-0.624%
12/12/2022;CEMARGOS; $ 3,675.00 ; $ 3,697.00 ; $ 3,685.02 ; $ 3,601.00 ;119,236.00;439,386,965.00;-0.054%
13/12/2022;CEMARGOS; $ 3,673.00 ; $ 3,679.00 ; $ 3,672.49 ; $ 3,630.00 ;128,392.00;471,518,210.00;-2.425%
14/12/2022;CEMARGOS; $ 3,585.00 ; $ 3,673.00 ; $ 3,619.26 ; $ 3,500.00 ;133,450.00;482,990,698.00;-2.915%
15/12/2022;CEMARGOS; $ 3,482.00 ; $ 3,505.00 ; $ 3,493.29 ; $ 3,461.00 ;75,798.00;264,784,630.00;-0.057%
16/12/2022;CEMARGOS; $ 3,480.00 ; $ 3,481.00 ; $ 3,479.88 ; $ 3,479.00 ;877,431.00;3,053,356,425.00;0.057%
19/12/2022;CEMARGOS; $ 3,482.00 ; $ 3,482.00 ; $ 3,465.45 ; $ 3,480.00 ;40,578.00;140,620,886.00;-2.383%
20/12/2022;CEMARGOS; $ 3,400.00 ; $ 3,450.00 ; $ 3,419.22 ; $ 3,400.00 ;154,505.00;528,287,279.00;2.899%
21/12/2022;CEMARGOS; $ 3,500.00 ; $ 3,500.00 ; $ 3,486.27 ; $ 3,400.00 ;83,704.00;291,814,401.00;1.700%
22/12/2022;CEMARGOS; $ 3,560.00 ; $ 3,560.00 ; $ 3,535.07 ; $ 3,560.00 ;16,583.00;58,622,050.00;-0.563%
23/12/2022;CEMARGOS; $ 3,540.00 ; $ 3,540.00 ; $ 3,523.13 ; $ 3,540.00 ;4,679.00;16,484,710.00;1.681%
26/12/2022;CEMARGOS; $ 3,600.00 ; $ 3,600.00 ; $ 3,481.04 ; $ 3,300.00 ;50,695.00;176,471,383.00;2.469%
27/12/2022;CEMARGOS; $ 3,690.00 ; $ 3,690.00 ; $ 3,603.47 ; $ 3,550.00 ;92,628.00;333,782,308.00;0.998%
28/12/2022;CEMARGOS; $ 3,727.00 ; $ 3,727.00 ; $ 3,669.49 ; $ 3,595.00 ;129,928.00;476,768,922.00;-3.467%
29/12/2022;CEMARGOS; $ 3,600.00 ; $ 3,765.00 ; $ 3,700.52 ; $ 3,600.00 ;100,341.00;371,313,713.00;2.740%
2/01/2023;CEMARGOS; $ 3,700.00 ; $ 3,700.00 ; $ 3,687.35 ; $ 3,700.00 ;20,133.00;74,237,332.00;-2.463%
3/01/2023;CEMARGOS; $ 3,610.00 ; $ 3,730.00 ; $ 3,710.52 ; $ 3,610.00 ;113,306.00;420,424,548.00;1.348%
4/01/2023;CEMARGOS; $ 3,659.00 ; $ 3,700.00 ; $ 3,669.10 ; $ 3,650.00 ;80,108.00;293,923,880.00;0.572%
5/01/2023;CEMARGOS; $ 3,680.00 ; $ 3,720.00 ; $ 3,690.92 ; $ 3,660.00 ;140,179.00;517,389,303.00;0.000%
6/01/2023;CEMARGOS; $ 3,680.00 ; $ 3,700.00 ; $ 3,687.36 ; $ 3,678.00 ;45,717.00;168,574,893.00;3.051%
10/01/2023;CEMARGOS; $ 3,794.00 ; $ 3,794.00 ; $ 3,675.09 ; $ 3,660.00 ;533,110.00;1,959,228,488.00;-0.608%
11/01/2023;CEMARGOS; $ 3,771.00 ; $ 3,845.00 ; $ 3,771.37 ; $ 3,704.00 ;388,365.00;1,464,668,809.00;-2.416%
12/01/2023;CEMARGOS; $ 3,681.00 ; $ 3,800.00 ; $ 3,721.83 ; $ 3,681.00 ;577,088.00;2,147,821,850.00;0.515%
13/01/2023;CEMARGOS; $ 3,700.00 ; $ 3,700.00 ; $ 3,652.93 ; $ 3,600.00 ;28,523.00;104,192,472.00;0.000%
16/01/2023;CEMARGOS; $ 3,700.00 ;; $ 3,678.55 ;;3,902.00;14,353,683.00;-1.361%
17/01/2023;CEMARGOS; $ 3,650.00 ; $ 3,740.00 ; $ 3,666.17 ; $ 3,650.00 ;56,177.00;205,954,238.00;-1.825%
18/01/2023;CEMARGOS; $ 3,584.00 ; $ 3,650.00 ; $ 3,597.13 ; $ 3,560.00 ;362,730.00;1,304,786,435.00;-0.672%
19/01/2023;CEMARGOS; $ 3,560.00 ; $ 3,584.00 ; $ 3,578.47 ; $ 3,560.00 ;80,700.00;288,782,272.00;0.756%
20/01/2023;CEMARGOS; $ 3,587.00 ; $ 3,587.00 ; $ 3,564.32 ; $ 3,560.00 ;36,179.00;128,953,640.00;-2.455%
23/01/2023;CEMARGOS; $ 3,500.00 ; $ 3,600.00 ; $ 3,521.63 ; $ 3,480.00 ;330,166.00;1,162,722,017.00;-2.899%
24/01/2023;CEMARGOS; $ 3,400.00 ; $ 3,500.00 ; $ 3,415.35 ; $ 3,322.00 ;299,807.00;1,023,945,910.00;-4.481%
25/01/2023;CEMARGOS; $ 3,251.00 ; $ 3,341.00 ; $ 3,290.58 ; $ 3,220.00 ;184,601.00;607,443,798.00;-0.031%
26/01/2023;CEMARGOS; $ 3,250.00 ; $ 3,418.00 ; $ 3,285.87 ; $ 3,250.00 ;280,826.00;922,758,090.00;0.000%
27/01/2023;CEMARGOS; $ 3,250.00 ; $ 3,315.00 ; $ 3,266.74 ; $ 3,250.00 ;186,267.00;608,486,462.00;-1.550%
30/01/2023;CEMARGOS; $ 3,200.00 ; $ 3,279.00 ; $ 3,197.23 ; $ 3,121.00 ;75,801.00;242,352,880.00;0.405%
31/01/2023;CEMARGOS; $ 3,213.00 ; $ 3,230.00 ; $ 3,197.01 ; $ 3,121.00 ;334,053.00;1,067,970,932.00;-0.405%
1/02/2023;CEMARGOS; $ 3,200.00 ; $ 3,200.00 ; $ 3,196.99 ; $ 3,194.00 ;212,669.00;679,900,562.00;0.000%
2/02/2023;CEMARGOS; $ 3,200.00 ; $ 3,200.00 ; $ 3,187.39 ; $ 3,158.00 ;167,114.00;532,657,322.00;0.000%
3/02/2023;CEMARGOS; $ 3,200.00 ; $ 3,201.00 ; $ 3,194.47 ; $ 3,100.00 ;622,587.00;1,988,837,283.00;-3.175%
6/02/2023;CEMARGOS; $ 3,100.00 ; $ 3,268.00 ; $ 3,159.33 ; $ 3,100.00 ;26,851.00;84,831,268.00;1.600%
7/02/2023;CEMARGOS; $ 3,150.00 ; $ 3,225.00 ; $ 3,149.20 ; $ 3,120.00 ;135,672.00;427,258,213.00;-4.846%
8/02/2023;CEMARGOS; $ 3,001.00 ; $ 3,148.00 ; $ 3,058.33 ; $ 3,000.00 ;1,194,620.00;3,653,537,812.00;-3.769%
9/02/2023;CEMARGOS; $ 2,890.00 ; $ 3,040.00 ; $ 2,923.97 ; $ 2,810.00 ;566,252.00;1,655,704,060.00;-1.043%
10/02/2023;CEMARGOS; $ 2,860.00 ; $ 2,900.00 ; $ 2,891.66 ; $ 2,860.00 ;78,756.00;227,735,755.00;1.285%
13/02/2023;CEMARGOS; $ 2,897.00 ; $ 2,897.00 ; $ 2,822.39 ; $ 2,790.00 ;176,200.00;497,305,876.00;0.104%
14/02/2023;CEMARGOS; $ 2,900.00 ; $ 2,920.00 ; $ 2,788.04 ; $ 2,730.00 ;1,228,727.00;3,425,744,649.00;-3.759%
15/02/2023;CEMARGOS; $ 2,793.00 ; $ 2,850.00 ; $ 2,787.46 ; $ 2,755.00 ;403,720.00;1,125,352,542.00;2.020%
16/02/2023;CEMARGOS; $ 2,850.00 ; $ 2,870.00 ; $ 2,833.89 ; $ 2,800.00 ;254,650.00;721,650,403.00;0.000%
17/02/2023;CEMARGOS; $ 2,850.00 ; $ 2,880.00 ; $ 2,846.42 ; $ 2,800.00 ;166,960.00;475,237,828.00;-3.790%
20/02/2023;CEMARGOS; $ 2,744.00 ; $ 2,750.00 ; $ 2,696.23 ; $ 2,605.00 ;231,889.00;625,227,118.00;1.913%
21/02/2023;CEMARGOS; $ 2,797.00 ; $ 2,880.00 ; $ 2,773.93 ; $ 2,750.00 ;1,105,554.00;3,066,728,036.00;0.143%
22/02/2023;CEMARGOS; $ 2,801.00 ; $ 2,835.00 ; $ 2,808.95 ; $ 2,796.00 ;301,524.00;846,965,157.00;3.473%
23/02/2023;CEMARGOS; $ 2,900.00 ; $ 2,900.00 ; $ 2,873.14 ; $ 2,833.00 ;416,898.00;1,197,808,001.00;2.183%
24/02/2023;CEMARGOS; $ 2,964.00 ; $ 2,969.00 ; $ 2,947.33 ; $ 2,900.00 ;260,419.00;767,541,299.00;2.202%
27/02/2023;CEMARGOS; $ 3,030.00 ; $ 3,069.00 ; $ 3,042.42 ; $ 2,964.00 ;757,718.00;2,305,299,179.00;
1/09/2022;PFAVAL; $ 645.90 ; $ 647.00 ; $ 639.85 ; $ 645.90 ;89,386.00;57,193,999.30;0.015%
2/09/2022;PFAVAL; $ 646.00 ; $ 649.00 ; $ 645.33 ; $ 643.90 ;762,324.00;491,953,404.20;-2.508%
5/09/2022;PFAVAL; $ 630.00 ; $ 638.00 ; $ 634.13 ; $ 630.00 ;141,891.00;89,977,301.50;3.125%
6/09/2022;PFAVAL; $ 650.00 ; $ 650.00 ; $ 639.08 ; $ 628.40 ;656,603.00;419,619,207.30;-1.550%
7/09/2022;PFAVAL; $ 640.00 ; $ 650.00 ; $ 645.05 ; $ 632.80 ;2,613,339.00;1,685,726,299.60;-1.575%
8/09/2022;PFAVAL; $ 630.00 ; $ 640.00 ; $ 632.78 ; $ 630.00 ;470,618.00;297,797,411.90;1.262%
9/09/2022;PFAVAL; $ 638.00 ; $ 645.90 ; $ 639.36 ; $ 633.70 ;9,004,273.00;5,756,996,457.60;1.863%
12/09/2022;PFAVAL; $ 650.00 ; $ 650.00 ; $ 638.31 ; $ 599.90 ;449,355.00;286,828,162.00;-3.125%
13/09/2022;PFAVAL; $ 630.00 ; $ 640.00 ; $ 633.04 ; $ 630.00 ;560,084.00;354,553,796.50;-1.278%
14/09/2022;PFAVAL; $ 622.00 ; $ 630.00 ; $ 621.99 ; $ 606.00 ;5,876,366.00;3,655,034,076.40;1.278%
15/09/2022;PFAVAL; $ 630.00 ; $ 630.00 ; $ 628.77 ; $ 625.00 ;862,948.00;542,596,882.00;9.531%
16/09/2022;PFAVAL; $ 693.00 ; $ 693.00 ; $ 671.50 ; $ 600.00 ;20,945,244.00;14,064,684,956.70;-6.421%
19/09/2022;PFAVAL; $ 649.90 ; $ 650.00 ; $ 646.01 ; $ 639.00 ;1,035,709.00;669,078,624.20;2.597%
20/09/2022;PFAVAL; $ 667.00 ; $ 667.00 ; $ 644.49 ; $ 626.10 ;8,133,090.00;5,241,679,996.00;-2.582%
21/09/2022;PFAVAL; $ 650.00 ; $ 660.00 ; $ 658.83 ; $ 650.00 ;492,994.00;324,797,751.70;1.375%
22/09/2022;PFAVAL; $ 659.00 ; $ 659.00 ; $ 648.28 ; $ 640.00 ;1,578,537.00;1,023,330,081.60;-4.500%
23/09/2022;PFAVAL; $ 630.00 ; $ 630.00 ; $ 623.66 ; $ 620.00 ;817,655.00;509,940,487.70;-4.862%
26/09/2022;PFAVAL; $ 600.10 ; $ 607.00 ; $ 605.66 ; $ 600.10 ;836,027.00;506,350,949.20;2.127%
27/09/2022;PFAVAL; $ 613.00 ; $ 613.00 ; $ 601.58 ; $ 599.00 ;926,918.00;557,617,707.50;0.812%
28/09/2022;PFAVAL; $ 618.00 ; $ 618.00 ; $ 602.45 ; $ 591.00 ;3,709,298.00;2,234,664,283.10;-5.813%
29/09/2022;PFAVAL; $ 583.10 ; $ 598.00 ; $ 592.36 ; $ 583.10 ;434,770.00;257,539,825.20;-0.533%
30/09/2022;PFAVAL; $ 580.00 ; $ 590.00 ; $ 583.83 ; $ 580.00 ;659,645.00;385,119,484.20;3.340%
3/10/2022;PFAVAL; $ 599.70 ; $ 599.70 ; $ 587.44 ; $ 580.00 ;1,812,964.00;1,064,999,006.20;2.519%
4/10/2022;PFAVAL; $ 615.00 ; $ 636.20 ; $ 618.24 ; $ 613.20 ;2,216,281.00;1,370,194,300.00;0.810%
5/10/2022;PFAVAL; $ 620.00 ; $ 620.00 ; $ 615.00 ; $ 610.00 ;406,051.00;249,720,540.60;-0.972%
6/10/2022;PFAVAL; $ 614.00 ; $ 615.00 ; $ 611.19 ; $ 600.00 ;915,093.00;559,293,482.30;-3.143%
7/10/2022;PFAVAL; $ 595.00 ; $ 597.90 ; $ 591.69 ; $ 565.00 ;1,050,135.00;621,349,696.80;-4.310%
10/10/2022;PFAVAL; $ 569.90 ; $ 585.00 ; $ 570.43 ; $ 565.00 ;530,021.00;302,338,884.50;-0.864%
11/10/2022;PFAVAL; $ 565.00 ; $ 578.00 ; $ 566.76 ; $ 565.00 ;267,295.00;151,491,491.60;0.000%
12/10/2022;PFAVAL; $ 565.00 ; $ 565.00 ; $ 564.32 ; $ 565.00 ;108,616.00;61,293,814.60;-1.786%
13/10/2022;PFAVAL; $ 555.00 ; $ 568.00 ; $ 559.11 ; $ 554.20 ;2,483,135.00;1,388,348,300.90;-3.483%
14/10/2022;PFAVAL; $ 536.00 ; $ 567.00 ; $ 550.09 ; $ 536.00 ;2,842,458.00;1,563,617,156.70;3.321%
18/10/2022;PFAVAL; $ 554.10 ; $ 575.30 ; $ 557.03 ; $ 554.10 ;1,708,721.00;951,812,436.90;2.478%
19/10/2022;PFAVAL; $ 568.00 ; $ 569.90 ; $ 567.82 ; $ 559.00 ;5,561,511.00;3,157,950,548.60;0.000%
20/10/2022;PFAVAL; $ 568.00 ; $ 570.50 ; $ 569.73 ; $ 566.90 ;5,964,009.00;3,397,858,533.00;-0.547%
21/10/2022;PFAVAL; $ 564.90 ; $ 566.00 ; $ 560.04 ; $ 556.00 ;5,461,520.00;3,058,685,508.70;-4.489%
24/10/2022;PFAVAL; $ 540.10 ; $ 569.80 ; $ 553.31 ; $ 540.10 ;2,518,332.00;1,393,416,725.70;1.816%
25/10/2022;PFAVAL; $ 550.00 ; $ 555.00 ; $ 549.21 ; $ 541.00 ;367,318.00;201,733,658.50;-1.281%
26/10/2022;PFAVAL; $ 543.00 ; $ 555.00 ; $ 548.72 ; $ 543.00 ;541,148.00;296,938,037.70;0.551%
27/10/2022;PFAVAL; $ 546.00 ; $ 549.00 ; $ 538.07 ; $ 500.10 ;526,623.00;283,361,033.90;-2.974%
28/10/2022;PFAVAL; $ 530.00 ; $ 542.00 ; $ 535.28 ; $ 530.00 ;423,897.00;226,902,153.90;1.869%
31/10/2022;PFAVAL; $ 540.00 ; $ 540.00 ; $ 539.28 ; $ 533.60 ;1,158,799.00;624,915,918.00;1.288%
1/11/2022;PFAVAL; $ 547.00 ; $ 550.00 ; $ 542.93 ; $ 538.00 ;552,850.00;300,156,284.70;-5.062%
2/11/2022;PFAVAL; $ 520.00 ; $ 538.20 ; $ 527.04 ; $ 520.00 ;3,962,905.00;2,088,596,505.20;-0.385%
3/11/2022;PFAVAL; $ 518.00 ; $ 535.00 ; $ 521.81 ; $ 518.00 ;879,854.00;459,120,588.10;0.385%
4/11/2022;PFAVAL; $ 520.00 ; $ 523.80 ; $ 522.30 ; $ 520.00 ;1,166,171.00;609,089,026.50;-0.579%
8/11/2022;PFAVAL; $ 517.00 ; $ 530.00 ; $ 522.60 ; $ 517.00 ;596,700.00;311,833,342.10;0.962%
9/11/2022;PFAVAL; $ 522.00 ; $ 530.00 ; $ 522.81 ; $ 520.00 ;969,553.00;506,887,300.70;7.027%
10/11/2022;PFAVAL; $ 560.00 ; $ 560.00 ; $ 530.36 ; $ 522.50 ;1,830,203.00;970,672,694.50;1.770%
11/11/2022;PFAVAL; $ 570.00 ; $ 570.00 ; $ 554.12 ; $ 531.00 ;1,394,910.00;772,947,593.40;0.978%
15/11/2022;PFAVAL; $ 575.60 ; $ 577.90 ; $ 575.02 ; $ 569.90 ;1,613,758.00;927,938,581.60;-4.549%
16/11/2022;PFAVAL; $ 550.00 ; $ 550.00 ; $ 546.10 ; $ 544.00 ;691,861.00;377,826,653.80;-1.835%
17/11/2022;PFAVAL; $ 540.00 ; $ 545.00 ; $ 539.71 ; $ 531.50 ;1,652,261.00;891,748,333.90;1.835%
18/11/2022;PFAVAL; $ 550.00 ; $ 550.00 ; $ 542.27 ; $ 535.00 ;2,061,439.00;1,117,863,151.50;-0.730%
21/11/2022;PFAVAL; $ 546.00 ; $ 547.00 ; $ 545.67 ; $ 538.00 ;7,015,975.00;3,828,379,325.70;4.302%
22/11/2022;PFAVAL; $ 570.00 ; $ 580.00 ; $ 558.38 ; $ 520.80 ;829,387.00;463,111,878.60;0.000%
23/11/2022;PFAVAL; $ 570.00 ; $ 570.00 ; $ 568.88 ; $ 549.10 ;1,286,540.00;731,881,406.70;0.000%
24/11/2022;PFAVAL; $ 570.00 ; $ 570.00 ; $ 569.11 ; $ 546.30 ;923,086.00;525,335,530.60;3.449%
25/11/2022;PFAVAL; $ 590.00 ; $ 590.00 ; $ 578.00 ; $ 555.20 ;1,049,523.00;606,625,102.80;-6.657%
28/11/2022;PFAVAL; $ 552.00 ; $ 571.10 ; $ 540.32 ; $ 540.00 ;121,975,727.00;65,905,561,378.80;1.403%
29/11/2022;PFAVAL; $ 559.80 ; $ 560.00 ; $ 554.39 ; $ 545.80 ;2,363,206.00;1,310,131,353.20;-0.322%
30/11/2022;PFAVAL; $ 558.00 ; $ 568.00 ; $ 558.15 ; $ 555.00 ;23,936,113.00;13,360,058,687.30;-1.444%
1/12/2022;PFAVAL; $ 550.00 ; $ 553.50 ; $ 546.03 ; $ 540.00 ;4,852,675.00;2,649,689,324.20;0.905%
2/12/2022;PFAVAL; $ 555.00 ; $ 555.00 ; $ 552.11 ; $ 526.00 ;2,086,245.00;1,151,846,840.90;-1.087%
5/12/2022;PFAVAL; $ 549.00 ; $ 555.00 ; $ 543.93 ; $ 531.40 ;1,544,793.00;840,254,447.00;-1.653%
6/12/2022;PFAVAL; $ 540.00 ; $ 555.00 ; $ 541.97 ; $ 526.00 ;1,631,217.00;884,071,462.40;1.471%
7/12/2022;PFAVAL; $ 548.00 ; $ 560.00 ; $ 547.47 ; $ 540.00 ;1,935,371.00;1,059,563,247.60;0.364%
9/12/2022;PFAVAL; $ 550.00 ; $ 550.00 ; $ 544.54 ; $ 550.00 ;256,255.00;139,541,110.90;-0.364%
12/12/2022;PFAVAL; $ 548.00 ; $ 550.00 ; $ 547.74 ; $ 541.10 ;1,463,870.00;801,813,078.00;0.000%
13/12/2022;PFAVAL; $ 548.00 ; $ 550.00 ; $ 545.18 ; $ 533.00 ;2,837,742.00;1,547,079,221.30;0.000%
14/12/2022;PFAVAL; $ 548.00 ; $ 548.00 ; $ 545.11 ; $ 504.00 ;3,154,397.00;1,719,507,853.20;0.000%
15/12/2022;PFAVAL; $ 548.00 ; $ 550.00 ; $ 545.87 ; $ 536.10 ;3,145,212.00;1,716,891,665.80;-1.656%
16/12/2022;PFAVAL; $ 539.00 ; $ 539.00 ; $ 538.52 ; $ 531.00 ;3,264,142.00;1,757,800,790.80;1.656%
19/12/2022;PFAVAL; $ 548.00 ; $ 548.00 ; $ 546.64 ; $ 524.00 ;1,943,582.00;1,062,438,553.00;-2.588%
20/12/2022;PFAVAL; $ 534.00 ; $ 550.00 ; $ 545.19 ; $ 532.00 ;1,369,887.00;746,845,230.60;2.405%
21/12/2022;PFAVAL; $ 547.00 ; $ 550.00 ; $ 547.27 ; $ 527.00 ;1,331,700.00;728,796,224.90;0.183%
22/12/2022;PFAVAL; $ 548.00 ; $ 548.00 ; $ 546.31 ; $ 547.90 ;203,911.00;111,398,618.20;-2.214%
23/12/2022;PFAVAL; $ 536.00 ; $ 549.00 ; $ 545.61 ; $ 536.00 ;1,148,052.00;626,390,457.10;1.665%
26/12/2022;PFAVAL; $ 545.00 ; $ 545.00 ; $ 543.92 ; $ 545.00 ;126,448.00;68,777,155.50;0.913%
27/12/2022;PFAVAL; $ 550.00 ; $ 550.00 ; $ 549.62 ; $ 536.00 ;1,930,144.00;1,060,855,182.00;1.623%
28/12/2022;PFAVAL; $ 559.00 ; $ 559.00 ; $ 552.46 ; $ 550.00 ;4,367,944.00;2,413,092,655.00;1.949%
29/12/2022;PFAVAL; $ 570.00 ; $ 570.00 ; $ 561.25 ; $ 559.00 ;3,789,989.00;2,127,139,058.00;-2.667%
2/01/2023;PFAVAL; $ 555.00 ; $ 555.00 ; $ 554.62 ; $ 555.00 ;110,077.00;61,050,447.90;2.667%
3/01/2023;PFAVAL; $ 570.00 ; $ 595.00 ; $ 583.39 ; $ 570.00 ;2,118,309.00;1,235,797,010.80;1.567%
4/01/2023;PFAVAL; $ 579.00 ; $ 585.00 ; $ 581.40 ; $ 577.00 ;1,956,544.00;1,137,534,811.80;-0.693%
5/01/2023;PFAVAL; $ 575.00 ; $ 584.90 ; $ 578.65 ; $ 575.00 ;1,137,790.00;658,379,008.60;0.000%
6/01/2023;PFAVAL; $ 575.00 ; $ 575.00 ; $ 573.47 ; $ 575.00 ;475,696.00;272,798,045.70;-1.225%
10/01/2023;PFAVAL; $ 568.00 ; $ 568.00 ; $ 560.64 ; $ 560.00 ;4,515,590.00;2,531,598,950.50;0.351%
11/01/2023;PFAVAL; $ 570.00 ; $ 570.00 ; $ 556.07 ; $ 553.00 ;15,360,098.00;8,541,305,725.60;-0.176%
12/01/2023;PFAVAL; $ 569.00 ; $ 569.00 ; $ 559.42 ; $ 555.00 ;5,077,257.00;2,840,310,480.60;0.176%
13/01/2023;PFAVAL; $ 570.00 ; $ 574.00 ; $ 568.36 ; $ 560.00 ;1,367,110.00;777,003,920.60;0.000%
16/01/2023;PFAVAL; $ 570.00 ; $ 575.00 ; $ 570.18 ; $ 570.00 ;401,726.00;229,055,796.90;0.175%
17/01/2023;PFAVAL; $ 571.00 ; $ 571.00 ; $ 570.31 ; $ 570.00 ;318,064.00;181,395,411.40;-0.175%
18/01/2023;PFAVAL; $ 570.00 ; $ 585.00 ; $ 579.03 ; $ 564.10 ;1,468,582.00;850,359,805.10;-1.949%
19/01/2023;PFAVAL; $ 559.00 ; $ 570.00 ; $ 565.40 ; $ 559.00 ;3,523,217.00;1,992,013,057.70;-0.179%
20/01/2023;PFAVAL; $ 558.00 ; $ 570.00 ; $ 564.09 ; $ 558.00 ;8,057,042.00;4,544,888,465.00;3.348%
23/01/2023;PFAVAL; $ 577.00 ; $ 577.00 ; $ 568.00 ; $ 563.00 ;2,921,321.00;1,659,319,527.20;-3.528%
24/01/2023;PFAVAL; $ 557.00 ; $ 577.00 ; $ 565.67 ; $ 557.00 ;1,075,372.00;608,302,002.20;1.920%
25/01/2023;PFAVAL; $ 567.80 ; $ 568.00 ; $ 565.03 ; $ 557.00 ;2,171,051.00;1,226,714,177.80;-1.920%
26/01/2023;PFAVAL; $ 557.00 ; $ 559.00 ; $ 555.84 ; $ 554.20 ;2,890,007.00;1,606,370,647.10;2.132%
27/01/2023;PFAVAL; $ 569.00 ; $ 570.00 ; $ 565.69 ; $ 562.00 ;1,348,071.00;762,591,346.60;-0.370%
30/01/2023;PFAVAL; $ 566.90 ; $ 567.90 ; $ 565.09 ; $ 560.00 ;1,485,769.00;839,591,208.70;1.070%
31/01/2023;PFAVAL; $ 573.00 ; $ 575.00 ; $ 568.20 ; $ 553.00 ;3,359,966.00;1,909,131,141.10;-3.192%
1/02/2023;PFAVAL; $ 555.00 ; $ 568.90 ; $ 558.14 ; $ 555.00 ;4,199,193.00;2,343,724,134.10;1.396%
2/02/2023;PFAVAL; $ 562.80 ; $ 570.00 ; $ 566.26 ; $ 555.00 ;1,157,429.00;655,405,651.80;3.010%
3/02/2023;PFAVAL; $ 580.00 ; $ 580.00 ; $ 573.76 ; $ 557.00 ;2,456,220.00;1,409,288,069.90;-1.739%
6/02/2023;PFAVAL; $ 570.00 ; $ 570.00 ; $ 568.29 ; $ 568.00 ;6,393,396.00;3,633,305,104.20;0.699%
7/02/2023;PFAVAL; $ 574.00 ; $ 574.00 ; $ 567.08 ; $ 564.10 ;5,193,944.00;2,945,386,353.00;-0.699%
8/02/2023;PFAVAL; $ 570.00 ; $ 570.00 ; $ 569.46 ; $ 566.00 ;1,423,631.00;810,694,893.20;0.000%
9/02/2023;PFAVAL; $ 570.00 ; $ 570.00 ; $ 564.86 ; $ 560.00 ;2,444,225.00;1,380,656,382.70;-0.881%
10/02/2023;PFAVAL; $ 565.00 ; $ 565.00 ; $ 562.66 ; $ 562.00 ;4,218,905.00;2,373,796,487.90;1.389%
13/02/2023;PFAVAL; $ 572.90 ; $ 575.00 ; $ 563.72 ; $ 558.00 ;5,593,252.00;3,153,008,365.60;-0.525%
14/02/2023;PFAVAL; $ 569.90 ; $ 569.90 ; $ 563.99 ; $ 557.00 ;2,018,066.00;1,138,174,002.30;-1.574%
15/02/2023;PFAVAL; $ 561.00 ; $ 572.90 ; $ 563.12 ; $ 558.30 ;2,369,170.00;1,334,128,610.20;-0.053%
16/02/2023;PFAVAL; $ 560.70 ; $ 563.00 ; $ 560.92 ; $ 557.10 ;1,296,871.00;727,436,798.80;2.518%
17/02/2023;PFAVAL; $ 575.00 ; $ 575.00 ; $ 570.19 ; $ 553.00 ;1,172,654.00;668,637,959.60;-1.225%
20/02/2023;PFAVAL; $ 568.00 ; $ 568.00 ; $ 556.10 ; $ 517.60 ;1,292,257.00;718,618,689.40;-1.418%
21/02/2023;PFAVAL; $ 560.00 ; $ 560.00 ; $ 556.53 ; $ 550.00 ;1,876,185.00;1,044,149,625.90;-1.984%
22/02/2023;PFAVAL; $ 549.00 ; $ 558.00 ; $ 552.02 ; $ 549.00 ;430,064.00;237,405,552.20;1.626%
23/02/2023;PFAVAL; $ 558.00 ; $ 558.00 ; $ 550.72 ; $ 540.30 ;1,456,087.00;801,888,968.30;1.776%
24/02/2023;PFAVAL; $ 568.00 ; $ 568.00 ; $ 560.80 ; $ 541.00 ;998,340.00;559,868,546.20;-2.315%
27/02/2023;PFAVAL; $ 555.00 ; $ 557.00 ; $ 552.77 ; $ 546.30 ;1,375,268.00;760,204,423.80;
1/09/2022;CNEC;8,115.00;8,115.00;8,086.00;8,060.00;209,863.00;1,696,951,865.00;0.308%
2/09/2022;CNEC;8,140.00;8,140.00;8,102.07;8,030.00;45,671.00;370,029,695.00;0.000%
5/09/2022;CNEC;8,140.00;;8,102.14;;711;5,760,620.00;-2.488%
6/09/2022;CNEC;7,940.00;8,090.00;8,044.83;7,940.00;24,582.00;197,758,130.00;0.628%
7/09/2022;CNEC;7,990.00;7,990.00;7,620.49;7,480.00;103,969.00;792,294,515.00;-4.479%
8/09/2022;CNEC;7,640.00;7,800.00;7,673.38;7,630.00;27,345.00;209,828,530.00;-0.131%
9/09/2022;CNEC;7,630.00;7,700.00;7,607.93;7,535.00;62,729.00;477,237,630.00;-0.657%
12/09/2022;CNEC;7,580.00;7,680.00;7,624.76;7,580.00;76,008.00;579,543,040.00;0.657%
13/09/2022;CNEC;7,630.00;7,630.00;7,625.62;7,600.00;8,902.00;67,883,250.00;1.302%
14/09/2022;CNEC;7,730.00;7,775.00;7,718.31;7,660.00;87,818.00;677,806,980.00;-1.106%
15/09/2022;CNEC;7,645.00;7,690.00;7,662.25;7,620.00;32,048.00;245,559,885.00;-0.722%
16/09/2022;CNEC;7,590.00;7,600.00;7,578.35;7,520.00;45,763.00;346,808,190.00;-0.794%
19/09/2022;CNEC;7,530.00;7,590.00;7,571.29;7,530.00;7,656.00;57,965,820.00;0.000%
20/09/2022;CNEC;7,530.00;7,590.00;7,548.94;7,470.00;35,089.00;264,884,665.00;-1.068%
21/09/2022;CNEC;7,450.00;7,550.00;7,471.93;7,440.00;50,700.00;378,826,900.00;-4.671%
22/09/2022;CNEC;7,110.00;7,450.00;7,370.35;7,105.00;17,453.00;128,634,670.00;-4.458%
23/09/2022;CNEC;6,800.00;6,800.00;6,787.52;6,740.00;11,271.00;76,502,140.00;-4.128%
26/09/2022;CNEC;6,525.00;6,840.00;6,686.56;6,475.00;206,127.00;1,378,280,775.00;-0.230%
27/09/2022;CNEC;6,510.00;6,620.00;6,505.13;6,470.00;26,524.00;172,541,940.00;0.153%
28/09/2022;CNEC;6,520.00;6,665.00;6,551.06;6,410.00;73,394.00;480,808,435.00;-0.693%
29/09/2022;CNEC;6,475.00;6,475.00;6,435.73;6,375.00;46,855.00;301,546,020.00;-2.423%
30/09/2022;CNEC;6,320.00;6,500.00;6,414.07;6,320.00;56,511.00;362,465,285.00;3.269%
3/10/2022;CNEC;6,530.00;6,530.00;6,418.48;6,355.00;55,664.00;357,278,535.00;3.165%
4/10/2022;CNEC;6,740.00;7,000.00;6,700.14;6,560.00;160,529.00;1,075,567,410.00;6.185%
5/10/2022;CNEC;7,170.00;7,190.00;7,089.41;6,905.00;231,625.00;1,642,084,085.00;-0.209%
6/10/2022;CNEC;7,155.00;7,220.00;7,149.19;7,105.00;100,358.00;717,477,935.00;-1.337%
7/10/2022;CNEC;7,060.00;7,120.00;7,099.79;7,060.00;19,520.00;138,587,865.00;-0.497%
10/10/2022;CNEC;7,025.00;7,090.00;7,045.83;7,025.00;6,664.00;46,953,400.00;-0.357%
11/10/2022;CNEC;7,000.00;7,000.00;6,927.90;6,870.00;44,749.00;310,016,380.00;0.712%
12/10/2022;CNEC;7,050.00;7,090.00;7,065.29;7,020.00;37,663.00;266,100,160.00;-0.142%
13/10/2022;CNEC;7,040.00;7,235.00;7,129.22;7,015.00;40,154.00;286,266,865.00;-1.431%
14/10/2022;CNEC;6,940.00;7,015.00;6,991.33;6,940.00;77,860.00;544,344,835.00;1.502%
18/10/2022;CNEC;7,045.00;7,085.00;7,055.07;7,035.00;40,991.00;289,194,220.00;0.425%
19/10/2022;CNEC;7,075.00;7,200.00;7,113.79;7,050.00;111,089.00;790,264,135.00;5.834%
20/10/2022;CNEC;7,500.00;7,500.00;7,448.85;7,365.00;41,569.00;309,641,130.00;1.061%
21/10/2022;CNEC;7,580.00;7,590.00;7,562.08;7,520.00;33,232.00;251,302,970.00;1.571%
24/10/2022;CNEC;7,700.00;7,800.00;7,725.23;7,685.00;117,004.00;903,883,065.00;-0.390%
25/10/2022;CNEC;7,670.00;7,740.00;7,718.39;7,670.00;19,427.00;149,945,255.00;-0.457%
26/10/2022;CNEC;7,635.00;7,700.00;7,635.74;7,500.00;49,735.00;379,763,670.00;-4.009%
27/10/2022;CNEC;7,335.00;7,600.00;7,488.92;7,335.00;49,661.00;371,907,285.00;-1.304%
28/10/2022;CNEC;7,240.00;7,260.00;7,236.35;7,200.00;45,421.00;328,682,400.00;-0.277%
31/10/2022;CNEC;7,220.00;7,220.00;7,214.39;7,220.00;2,227.00;16,066,455.00;5.654%
1/11/2022;CNEC;7,640.00;7,640.00;7,306.03;7,240.00;240,926.00;1,760,212,835.00;-1.318%
2/11/2022;CNEC;7,540.00;7,660.00;7,590.34;7,540.00;21,819.00;165,613,620.00;0.133%
3/11/2022;CNEC;7,550.00;7,550.00;7,501.79;7,490.00;72,013.00;540,226,490.00;5.789%
4/11/2022;CNEC;8,000.00;8,000.00;7,779.73;7,730.00;31,996.00;248,920,340.00;2.469%
8/11/2022;CNEC;8,200.00;8,200.00;8,065.50;7,900.00;126,038.00;1,016,559,655.00;-2.344%
9/11/2022;CNEC;8,010.00;8,100.00;8,057.30;7,980.00;11,175.00;90,040,280.00;-0.250%
10/11/2022;CNEC;7,990.00;8,000.00;7,978.07;7,960.00;14,984.00;119,543,445.00;4.047%
11/11/2022;CNEC;8,320.00;8,320.00;8,088.88;7,870.00;96,687.00;782,089,790.00;-6.968%
15/11/2022;CNEC;7,760.00;7,760.00;7,603.40;7,500.00;99,471.00;756,317,730.00;-1.428%
16/11/2022;CNEC;7,650.00;7,700.00;7,684.40;7,650.00;20,515.00;157,645,465.00;-1.980%
17/11/2022;CNEC;7,500.00;7,600.00;7,519.36;7,490.00;52,528.00;394,977,050.00;-1.342%
18/11/2022;CNEC;7,400.00;7,460.00;7,408.20;7,400.00;58,080.00;430,268,050.00;-3.717%
21/11/2022;CNEC;7,130.00;7,190.00;7,156.53;7,130.00;44,969.00;321,822,120.00;2.766%
22/11/2022;CNEC;7,330.00;7,330.00;7,303.69;7,240.00;22,995.00;167,948,380.00;6.854%
23/11/2022;CNEC;7,850.00;7,850.00;7,353.11;7,285.00;84,046.00;617,999,895.00;-4.962%
24/11/2022;CNEC;7,470.00;7,470.00;7,457.63;7,470.00;5,543.00;41,337,655.00;-0.941%
25/11/2022;CNEC;7,400.00;7,560.00;7,495.78;7,400.00;15,340.00;114,985,280.00;-4.421%
28/11/2022;CNEC;7,080.00;7,270.00;7,190.37;7,080.00;33,803.00;243,056,060.00;1.333%
29/11/2022;CNEC;7,175.00;7,175.00;7,112.22;7,060.00;35,862.00;255,058,365.00;1.040%
30/11/2022;CNEC;7,250.00;7,250.00;7,209.33;7,120.00;230,254.00;1,659,976,005.00;-0.692%
1/12/2022;CNEC;7,200.00;7,260.00;7,180.53;7,160.00;223,829.00;1,607,211,800.00;-2.817%
2/12/2022;CNEC;7,000.00;7,260.00;7,050.86;6,940.00;2,073,262.00;14,618,289,800.00;0.000%
5/12/2022;CNEC;7,000.00;7,050.00;7,001.04;6,970.00;50,962.00;356,787,100.00;-0.573%
6/12/2022;CNEC;6,960.00;7,145.00;7,017.56;6,930.00;96,041.00;673,973,505.00;0.573%
7/12/2022;CNEC;7,000.00;7,030.00;7,004.16;6,970.00;92,329.00;646,687,195.00;-2.385%
9/12/2022;CNEC;6,835.00;6,950.00;6,902.02;6,825.00;37,578.00;259,364,015.00;2.385%
12/12/2022;CNEC;7,000.00;7,000.00;6,904.58;6,870.00;42,922.00;296,358,565.00;-0.789%
13/12/2022;CNEC;6,945.00;7,050.00;6,980.69;6,875.00;49,380.00;344,706,665.00;0.789%
14/12/2022;CNEC;7,000.00;7,000.00;6,910.72;6,880.00;9,812.00;67,807,950.00;-2.093%
15/12/2022;CNEC;6,855.00;6,855.00;6,869.89;6,855.00;3,745.00;25,727,735.00;-3.187%
16/12/2022;CNEC;6,640.00;6,720.00;6,704.38;6,640.00;20,100.00;134,757,950.00;-4.702%
19/12/2022;CNEC;6,335.00;6,505.00;6,426.52;6,335.00;180,336.00;1,158,933,695.00;-2.801%
20/12/2022;CNEC;6,160.00;6,605.00;6,386.65;6,160.00;48,603.00;310,410,330.00;7.654%
21/12/2022;CNEC;6,650.00;6,650.00;6,457.04;6,310.00;41,466.00;267,747,650.00;2.083%
22/12/2022;CNEC;6,790.00;6,790.00;6,725.44;6,675.00;21,600.00;145,269,420.00;5.654%
23/12/2022;CNEC;7,185.00;7,185.00;7,107.99;7,010.00;32,256.00;229,275,380.00;-0.628%
26/12/2022;CNEC;7,140.00;7,200.00;7,152.64;7,140.00;11,292.00;80,767,620.00;0.140%
27/12/2022;CNEC;7,150.00;7,150.00;7,150.02;7,150.00;2,197.00;15,708,595.00;0.974%
28/12/2022;CNEC;7,220.00;7,220.00;7,206.36;7,220.00;3,087.00;22,246,035.00;1.033%
29/12/2022;CNEC;7,295.00;7,295.00;7,277.01;7,295.00;4,938.00;35,933,880.00;0.000%
2/01/2023;CNEC;7,295.00;;7,267.34;;376;2,732,520.00;-2.498%
3/01/2023;CNEC;7,115.00;7,160.00;7,131.24;7,115.00;17,447.00;124,418,795.00;3.521%
4/01/2023;CNEC;7,370.00;7,370.00;7,310.75;7,295.00;22,732.00;166,187,995.00;-2.403%
5/01/2023;CNEC;7,195.00;7,195.00;7,278.92;7,195.00;4,715.00;34,320,095.00;3.281%
6/01/2023;CNEC;7,435.00;7,435.00;7,405.97;7,375.00;6,713.00;49,716,295.00;2.129%
10/01/2023;CNEC;7,595.00;7,650.00;7,597.11;7,530.00;31,148.00;236,634,695.00;3.047%
11/01/2023;CNEC;7,830.00;7,830.00;7,744.39;7,735.00;38,571.00;298,708,775.00;-0.641%
12/01/2023;CNEC;7,780.00;7,780.00;7,767.27;7,725.00;24,173.00;187,758,155.00;1.087%
13/01/2023;CNEC;7,865.00;7,865.00;7,871.07;7,810.00;20,685.00;162,813,025.00;0.000%
16/01/2023;CNEC;7,865.00;;7,769.09;;2,081.00;16,167,475.00;0.000%
17/01/2023;CNEC;7,865.00;;;;;;0.000%
18/01/2023;CNEC;7,865.00;;;;;;0.000%
19/01/2023;CNEC;7,865.00;;;;;;160.114%
20/01/2023;CNEC;39,000.00;39,000.00;38,052.58;37,000.00;59,915.00;2,279,920,620.00;7.411%
23/01/2023;CNEC;42,000.00;42,000.00;40,293.45;39,350.00;38,127.00;1,536,268,300.00;-3.760%
24/01/2023;CNEC;40,450.00;41,010.00;40,565.42;40,330.00;2,062.00;83,645,900.00;-3.267%
25/01/2023;CNEC;39,150.00;40,900.00;39,361.89;38,680.00;4,770.00;187,756,230.00;-0.102%
26/01/2023;CNEC;39,110.00;39,510.00;39,453.91;39,000.00;5,880.00;231,989,020.00;2.948%
27/01/2023;CNEC;40,280.00;40,280.00;39,981.37;39,700.00;11,671.00;466,622,540.00;-0.323%
30/01/2023;CNEC;40,150.00;40,480.00;40,157.88;39,980.00;9,908.00;397,884,310.00;0.298%
31/01/2023;CNEC;40,270.00;40,600.00;40,421.62;40,270.00;1,590.00;64,270,380.00;-0.423%
1/02/2023;CNEC;40,100.00;40,900.00;40,231.50;40,000.00;10,924.00;439,488,950.00;-1.508%
2/02/2023;CNEC;39,500.00;39,620.00;39,588.71;39,500.00;2,888.00;114,332,190.00;0.000%
3/02/2023;CNEC;39,500.00;39,500.00;39,500.00;39,500.00;1,061.00;41,909,500.00;0.932%
6/02/2023;CNEC;39,870.00;40,500.00;39,839.20;39,670.00;62,205.00;2,478,197,440.00;3.038%
7/02/2023;CNEC;41,100.00;41,300.00;40,958.17;40,500.00;18,039.00;738,844,490.00;-3.971%
8/02/2023;CNEC;39,500.00;41,400.00;40,905.79;39,500.00;3,298.00;134,907,300.00;-0.788%
9/02/2023;CNEC;39,190.00;39,190.00;39,257.47;39,190.00;430;16,880,710.00;0.051%
10/02/2023;CNEC;39,210.00;40,040.00;39,993.27;39,210.00;7,459.00;298,309,790.00;-0.026%
13/02/2023;CNEC;39,200.00;40,000.00;39,573.13;39,200.00;419;16,581,140.00;-3.743%
14/02/2023;CNEC;37,760.00;39,190.00;38,508.08;37,760.00;8,305.00;319,809,590.00;0.000%
15/02/2023;CNEC;37,760.00;37,850.00;37,776.21;37,430.00;4,450.00;168,104,150.00;0.159%
16/02/2023;CNEC;37,820.00;38,000.00;37,900.62;37,820.00;2,598.00;98,465,800.00;-2.816%
17/02/2023;CNEC;36,770.00;37,550.00;36,919.92;36,750.00;11,944.00;440,971,490.00;0.000%
20/02/2023;CNEC;36,770.00;;36,580.00;;112;4,096,960.00;1.001%
21/02/2023;CNEC;37,140.00;37,140.00;37,111.26;37,090.00;5,954.00;220,960,450.00;1.390%
22/02/2023;CNEC;37,660.00;37,660.00;37,516.29;37,140.00;1,905.00;71,468,540.00;-1.095%
23/02/2023;CNEC;37,250.00;37,400.00;37,349.21;37,250.00;944;35,257,650.00;0.134%
24/02/2023;CNEC;37,300.00;37,300.00;37,194.15;36,800.00;1,769.00;65,796,450.00;0.455%
27/02/2023;CNEC;37,470.00;37,700.00;37,501.24;37,100.00;8,794.00;329,785,890.00;
1/09/2022;BVC; $ 8,290.00 ;; $ 7,955.28 ;;1,478.00;11,757,910.00;-1.214%
2/09/2022;BVC; $ 8,190.00 ; $ 8,190.00 ; $ 8,127.01 ; $ 8,190.00 ;3,608.00;29,322,240.00;-1.105%
5/09/2022;BVC; $ 8,100.00 ; $ 8,100.00 ; $ 7,943.81 ; $ 7,805.00 ;4,865.00;38,646,645.00;-3.774%
6/09/2022;BVC; $ 7,800.00 ; $ 7,815.00 ; $ 7,808.01 ; $ 7,800.00 ;42,163.00;329,208,970.00;0.000%
7/09/2022;BVC; $ 7,800.00 ;; $ 7,811.94 ;;872.00;6,812,015.00;0.000%
8/09/2022;BVC; $ 7,800.00 ;; $ 7,747.77 ;;1,950.00;15,108,145.00;0.000%
9/09/2022;BVC; $ 7,800.00 ;; $ 7,877.54 ;;3,236.00;25,491,715.00;0.000%
12/09/2022;BVC; $ 7,800.00 ; $ 7,800.00 ; $ 7,650.16 ; $ 7,505.00 ;9,763.00;74,688,505.00;-4.591%
13/09/2022;BVC; $ 7,450.00 ; $ 7,450.00 ; $ 7,491.05 ; $ 7,440.00 ;7,282.00;54,549,835.00;1.928%
14/09/2022;BVC; $ 7,595.00 ; $ 7,685.00 ; $ 7,488.88 ; $ 7,190.00 ;73,915.00;553,540,365.00;-1.259%
15/09/2022;BVC; $ 7,500.00 ; $ 7,595.00 ; $ 7,515.52 ; $ 7,500.00 ;9,088.00;68,301,050.00;0.200%
16/09/2022;BVC; $ 7,515.00 ; $ 7,800.00 ; $ 7,599.80 ; $ 7,500.00 ;9,627.00;73,163,310.00;3.337%
19/09/2022;BVC; $ 7,770.00 ; $ 7,785.00 ; $ 7,681.74 ; $ 7,540.00 ;8,755.00;67,253,605.00;0.000%
20/09/2022;BVC; $ 7,770.00 ;; $ 7,739.77 ;;215.00;1,664,050.00;-0.905%
21/09/2022;BVC; $ 7,700.00 ; $ 7,750.00 ; $ 7,708.32 ; $ 7,700.00 ;6,262.00;48,269,510.00;0.195%
22/09/2022;BVC; $ 7,715.00 ; $ 7,715.00 ; $ 7,726.93 ; $ 7,715.00 ;12,137.00;93,781,770.00;-0.455%
23/09/2022;BVC; $ 7,680.00 ; $ 7,720.00 ; $ 7,713.10 ; $ 7,680.00 ;7,171.00;55,310,675.00;0.260%
26/09/2022;BVC; $ 7,700.00 ; $ 7,700.00 ; $ 7,696.02 ; $ 7,700.00 ;8,446.00;65,000,605.00;0.065%
27/09/2022;BVC; $ 7,705.00 ; $ 7,705.00 ; $ 7,706.92 ; $ 7,705.00 ;2,606.00;20,084,240.00;0.000%
28/09/2022;BVC; $ 7,705.00 ;; $ 7,627.33 ;;1,652.00;12,600,345.00;0.065%
29/09/2022;BVC; $ 7,710.00 ; $ 7,710.00 ; $ 7,711.11 ; $ 7,710.00 ;6,803.00;52,458,700.00;0.000%
30/09/2022;BVC; $ 7,710.00 ; $ 7,710.00 ; $ 7,714.44 ; $ 7,710.00 ;1,283.00;9,897,630.00;1.161%
3/10/2022;BVC; $ 7,800.00 ; $ 7,800.00 ; $ 7,765.63 ; $ 7,715.00 ;6,231.00;48,387,640.00;2.407%
4/10/2022;BVC; $ 7,990.00 ; $ 7,990.00 ; $ 7,909.28 ; $ 7,850.00 ;9,126.00;72,180,060.00;-1.133%
5/10/2022;BVC; $ 7,900.00 ; $ 7,900.00 ; $ 7,905.97 ; $ 7,900.00 ;7,813.00;61,769,310.00;3.727%
6/10/2022;BVC; $ 8,200.00 ; $ 8,200.00 ; $ 8,070.10 ; $ 8,100.00 ;11,841.00;95,558,045.00;0.000%
7/10/2022;BVC; $ 8,200.00 ;; $ 8,072.43 ;;1,633.00;13,182,285.00;0.000%
10/10/2022;BVC; $ 8,200.00 ;; $ 7,821.80 ;;605.00;4,732,190.00;0.000%
11/10/2022;BVC; $ 8,200.00 ;; $ 7,764.38 ;;580.00;4,503,340.00;-0.796%
12/10/2022;BVC; $ 8,135.00 ; $ 8,135.00 ; $ 8,094.23 ; $ 8,130.00 ;4,839.00;39,167,985.00;0.000%
13/10/2022;BVC; $ 8,135.00 ;; $ 7,638.97 ;;793.00;6,057,705.00;0.000%
14/10/2022;BVC; $ 8,135.00 ;; $ 7,665.90 ;;3,373.00;25,857,095.00;-6.934%
18/10/2022;BVC; $ 7,590.00 ; $ 7,635.00 ; $ 7,620.31 ; $ 7,590.00 ;8,312.00;63,339,995.00;0.000%
19/10/2022;BVC; $ 7,590.00 ;; $ 7,647.78 ;;2,676.00;20,465,470.00;2.729%
20/10/2022;BVC; $ 7,800.00 ; $ 7,800.00 ; $ 7,722.82 ; $ 7,500.00 ;27,174.00;209,859,985.00;0.000%
21/10/2022;BVC; $ 7,800.00 ; $ 7,800.00 ; $ 7,797.00 ; $ 7,800.00 ;20,335.00;158,552,070.00;-1.681%
24/10/2022;BVC; $ 7,670.00 ; $ 7,670.00 ; $ 7,622.20 ; $ 7,500.00 ;12,963.00;98,806,530.00;0.000%
25/10/2022;BVC; $ 7,670.00 ; $ 7,700.00 ; $ 7,676.27 ; $ 7,670.00 ;6,463.00;49,611,740.00;0.000%
26/10/2022;BVC; $ 7,670.00 ; $ 7,670.00 ; $ 7,681.18 ; $ 7,670.00 ;2,574.00;19,771,365.00;2.955%
27/10/2022;BVC; $ 7,900.00 ; $ 7,900.00 ; $ 7,763.93 ; $ 7,670.00 ;6,461.00;50,162,745.00;0.000%
28/10/2022;BVC; $ 7,900.00 ;; $ 7,673.54 ;;3,607.00;27,678,460.00;0.000%
31/10/2022;BVC; $ 7,900.00 ;; $ 7,767.36 ;;288.00;2,237,000.00;2.129%
1/11/2022;BVC; $ 8,070.00 ; $ 8,070.00 ; $ 7,983.05 ; $ 8,070.00 ;3,483.00;27,804,965.00;0.000%
2/11/2022;BVC; $ 8,070.00 ;; $ 7,712.33 ;;1,295.00;9,987,465.00;-0.871%
3/11/2022;BVC; $ 8,000.00 ; $ 8,000.00 ; $ 7,997.55 ; $ 8,000.00 ;2,308.00;18,458,350.00;0.000%
4/11/2022;BVC; $ 8,000.00 ; $ 8,000.00 ; $ 7,956.78 ; $ 8,000.00 ;3,015.00;23,989,700.00;0.000%
8/11/2022;BVC; $ 8,000.00 ; $ 8,000.00 ; $ 7,885.58 ; $ 8,000.00 ;2,255.00;17,781,990.00;-0.063%
9/11/2022;BVC; $ 7,995.00 ; $ 7,995.00 ; $ 7,984.79 ; $ 7,995.00 ;2,935.00;23,435,365.00;-3.565%
10/11/2022;BVC; $ 7,715.00 ; $ 7,715.00 ; $ 7,755.19 ; $ 7,715.00 ;5,283.00;40,970,675.00;0.000%
11/11/2022;BVC; $ 7,715.00 ;; $ 7,844.70 ;;738.00;5,789,390.00;0.453%
15/11/2022;BVC; $ 7,750.00 ; $ 7,750.00 ; $ 7,734.49 ; $ 7,750.00 ;4,638.00;35,872,570.00;-3.212%
16/11/2022;BVC; $ 7,505.00 ; $ 7,605.00 ; $ 7,589.59 ; $ 7,505.00 ;6,065.00;46,030,840.00;0.000%
17/11/2022;BVC; $ 7,505.00 ;; $ 7,847.39 ;;532.00;4,174,810.00;0.000%
18/11/2022;BVC; $ 7,505.00 ; $ 7,600.00 ; $ 7,571.17 ; $ 7,505.00 ;4,837.00;36,621,730.00;0.000%
21/11/2022;BVC; $ 7,505.00 ;; $ 7,434.45 ;;1,666.00;12,385,800.00;1.258%
22/11/2022;BVC; $ 7,600.00 ; $ 7,600.00 ; $ 7,502.70 ; $ 7,600.00 ;2,835.00;21,270,165.00;0.000%
23/11/2022;BVC; $ 7,600.00 ; $ 7,600.00 ; $ 7,597.83 ; $ 7,600.00 ;2,402.00;18,249,980.00;0.000%
24/11/2022;BVC; $ 7,600.00 ;; $ 7,625.90 ;;1,279.00;9,753,530.00;0.000%
25/11/2022;BVC; $ 7,600.00 ;; $ 7,440.36 ;;1,159.00;8,623,375.00;2.212%
28/11/2022;BVC; $ 7,770.00 ; $ 7,770.00 ; $ 7,770.28 ; $ 7,770.00 ;3,480.00;27,040,560.00;0.000%
29/11/2022;BVC; $ 7,770.00 ;; $ 7,532.64 ;;1,755.00;13,219,780.00;0.129%
30/11/2022;BVC; $ 7,780.00 ; $ 7,780.00 ; $ 7,654.75 ; $ 7,780.00 ;2,508.00;19,198,105.00;0.000%
1/12/2022;BVC; $ 7,780.00 ; $ 7,780.00 ; $ 7,774.48 ; $ 7,780.00 ;67,050.00;521,278,830.00;0.000%
2/12/2022;BVC; $ 7,780.00 ;; $ 7,768.27 ;;1,095.00;8,506,260.00;0.000%
5/12/2022;BVC; $ 7,780.00 ;; $ 7,527.59 ;;473.00;3,560,550.00;-0.257%
6/12/2022;BVC; $ 7,760.00 ; $ 7,760.00 ; $ 7,576.37 ; $ 7,470.00 ;5,988.00;45,367,275.00;-0.323%
7/12/2022;BVC; $ 7,735.00 ; $ 7,735.00 ; $ 7,725.36 ; $ 7,735.00 ;2,501.00;19,321,120.00;0.000%
9/12/2022;BVC; $ 7,735.00 ;; $ 7,536.61 ;;511.00;3,851,210.00;-7.167%
12/12/2022;BVC; $ 7,200.00 ; $ 7,475.00 ; $ 7,336.33 ; $ 7,200.00 ;8,333.00;61,133,600.00;1.379%
13/12/2022;BVC; $ 7,300.00 ; $ 7,300.00 ; $ 7,228.44 ; $ 7,200.00 ;12,464.00;90,095,255.00;-0.549%
14/12/2022;BVC; $ 7,260.00 ; $ 7,260.00 ; $ 7,274.73 ; $ 7,200.00 ;4,962.00;36,097,220.00;1.910%
15/12/2022;BVC; $ 7,400.00 ; $ 7,400.00 ; $ 7,197.09 ; $ 7,100.00 ;9,252.00;66,587,455.00;-4.139%
16/12/2022;BVC; $ 7,100.00 ; $ 7,200.00 ; $ 7,123.63 ; $ 7,100.00 ;4,117.00;29,327,965.00;-1.418%
19/12/2022;BVC; $ 7,000.00 ; $ 7,000.00 ; $ 7,007.33 ; $ 6,990.00 ;9,745.00;68,286,400.00;0.000%
20/12/2022;BVC; $ 7,000.00 ;; $ 6,840.73 ;;511.00;3,495,615.00;0.000%
21/12/2022;BVC; $ 7,000.00 ;; $ 6,888.82 ;;1,189.00;8,190,810.00;0.000%
22/12/2022;BVC; $ 7,000.00 ; $ 7,000.00 ; $ 6,967.23 ; $ 6,900.00 ;8,096.00;56,406,730.00;0.000%
23/12/2022;BVC; $ 7,000.00 ;; $ 6,980.27 ;;1,097.00;7,657,360.00;0.000%
26/12/2022;BVC; $ 7,000.00 ; $ 7,000.00 ; $ 6,955.31 ; $ 7,000.00 ;4,863.00;33,823,655.00;-0.215%
27/12/2022;BVC; $ 6,985.00 ; $ 6,985.00 ; $ 6,979.88 ; $ 6,985.00 ;36,688.00;256,077,725.00;0.000%
28/12/2022;BVC; $ 6,985.00 ;; $ 6,928.06 ;;815.00;5,646,365.00;0.000%
29/12/2022;BVC; $ 6,985.00 ;; $ 6,969.77 ;;980.00;6,830,375.00;0.000%
2/01/2023;BVC; $ 6,985.00 ;; $ 6,896.48 ;;1,510.00;10,413,680.00;0.215%
3/01/2023;BVC; $ 7,000.00 ; $ 7,000.00 ; $ 6,987.45 ; $ 7,000.00 ;18,749.00;131,007,655.00;-1.439%
4/01/2023;BVC; $ 6,900.00 ; $ 6,900.00 ; $ 6,917.09 ; $ 6,900.00 ;2,711.00;18,752,235.00;0.000%
5/01/2023;BVC; $ 6,900.00 ; $ 6,950.00 ; $ 6,906.17 ; $ 6,900.00 ;15,218.00;105,098,040.00;0.000%
6/01/2023;BVC; $ 6,900.00 ; $ 7,000.00 ; $ 6,940.58 ; $ 6,900.00 ;16,529.00;114,720,790.00;0.000%
10/01/2023;BVC; $ 6,900.00 ; $ 6,900.00 ; $ 6,776.07 ; $ 6,700.00 ;36,184.00;245,185,430.00;0.145%
11/01/2023;BVC; $ 6,910.00 ; $ 6,910.00 ; $ 6,937.23 ; $ 6,900.00 ;6,745.00;46,791,595.00;1.223%
12/01/2023;BVC; $ 6,995.00 ; $ 7,000.00 ; $ 6,978.99 ; $ 6,930.00 ;20,470.00;142,859,830.00;0.071%
13/01/2023;BVC; $ 7,000.00 ; $ 7,000.00 ; $ 7,011.02 ; $ 6,980.00 ;12,486.00;87,539,570.00;0.000%
16/01/2023;BVC; $ 7,000.00 ;; $ 6,992.95 ;;1,944.00;13,594,295.00;0.000%
17/01/2023;BVC; $ 7,000.00 ; $ 7,000.00 ; $ 6,962.63 ; $ 6,930.00 ;15,803.00;110,030,415.00;-0.071%
18/01/2023;BVC; $ 6,995.00 ; $ 7,050.00 ; $ 7,005.42 ; $ 6,995.00 ;12,789.00;89,592,350.00;0.000%
19/01/2023;BVC; $ 6,995.00 ;; $ 6,985.24 ;;758.00;5,294,815.00;0.000%
20/01/2023;BVC; $ 6,995.00 ;; $ 7,005.52 ;;794.00;5,562,380.00;-0.645%
23/01/2023;BVC; $ 6,950.00 ; $ 6,950.00 ; $ 7,007.92 ; $ 6,950.00 ;6,972.00;48,859,210.00;4.226%
24/01/2023;BVC; $ 7,250.00 ; $ 7,250.00 ; $ 7,004.44 ; $ 6,910.00 ;395,918.00;2,773,182,630.00;0.000%
25/01/2023;BVC; $ 7,250.00 ; $ 7,250.00 ; $ 7,107.93 ; $ 7,010.00 ;4,741.00;33,698,700.00;0.000%
26/01/2023;BVC; $ 7,250.00 ;; $ 7,158.72 ;;2,179.00;15,598,860.00;0.000%
27/01/2023;BVC; $ 7,250.00 ;; $ 7,077.49 ;;5,264.00;37,255,930.00;0.000%
30/01/2023;BVC; $ 7,250.00 ;; $ 7,231.61 ;;805.00;5,821,450.00;0.000%
31/01/2023;BVC; $ 7,250.00 ;; $ 7,104.62 ;;2,160.00;15,345,980.00;0.000%
1/02/2023;BVC; $ 7,250.00 ;; $ 7,130.12 ;;2,425.00;17,290,550.00;-3.509%
2/02/2023;BVC; $ 7,000.00 ; $ 7,000.00 ; $ 6,968.88 ; $ 6,890.00 ;102,867.00;716,867,965.00;0.000%
3/02/2023;BVC; $ 7,000.00 ; $ 7,000.00 ; $ 6,968.32 ; $ 6,705.00 ;40,170.00;279,917,555.00;0.000%
6/02/2023;BVC; $ 7,000.00 ; $ 7,000.00 ; $ 6,993.26 ; $ 7,000.00 ;4,474.00;31,287,840.00;0.000%
7/02/2023;BVC; $ 7,000.00 ;; $ 7,000.99 ;;1,557.00;10,900,540.00;1.418%
8/02/2023;BVC; $ 7,100.00 ; $ 7,100.00 ; $ 7,107.33 ; $ 7,100.00 ;14,983.00;106,489,170.00;2.091%
9/02/2023;BVC; $ 7,250.00 ; $ 7,250.00 ; $ 7,224.20 ; $ 7,210.00 ;14,341.00;103,602,295.00;-1.389%
10/02/2023;BVC; $ 7,150.00 ; $ 7,150.00 ; $ 7,154.95 ; $ 7,150.00 ;3,989.00;28,541,100.00;0.000%
13/02/2023;BVC; $ 7,150.00 ; $ 7,155.00 ; $ 7,150.83 ; $ 7,150.00 ;23,659.00;169,181,605.00;1.733%
14/02/2023;BVC; $ 7,275.00 ; $ 7,275.00 ; $ 7,150.04 ; $ 7,110.00 ;48,333.00;345,582,755.00;-1.733%
15/02/2023;BVC; $ 7,150.00 ; $ 7,150.00 ; $ 7,151.33 ; $ 7,150.00 ;19,862.00;142,039,765.00;0.000%
16/02/2023;BVC; $ 7,150.00 ; $ 7,155.00 ; $ 7,151.94 ; $ 7,150.00 ;9,049.00;64,717,950.00;1.802%
17/02/2023;BVC; $ 7,280.00 ; $ 7,280.00 ; $ 7,248.04 ; $ 7,250.00 ;7,744.00;56,128,810.00;-0.413%
20/02/2023;BVC; $ 7,250.00 ; $ 7,250.00 ; $ 7,256.30 ; $ 7,250.00 ;9,239.00;67,040,940.00;-0.692%
21/02/2023;BVC; $ 7,200.00 ; $ 7,385.00 ; $ 7,230.29 ; $ 7,200.00 ;28,879.00;208,803,470.00;0.000%
22/02/2023;BVC; $ 7,200.00 ; $ 7,200.00 ; $ 7,200.06 ; $ 7,200.00 ;10,699.00;77,033,460.00;2.266%
23/02/2023;BVC; $ 7,365.00 ; $ 7,365.00 ; $ 7,242.16 ; $ 7,200.00 ;11,675.00;84,552,260.00;0.000%
24/02/2023;BVC; $ 7,365.00 ; $ 7,365.00 ; $ 7,386.34 ; $ 7,365.00 ;3,798.00;28,053,325.00;-0.886%
27/02/2023;BVC; $ 7,300.00 ; $ 7,300.00 ; $ 7,219.02 ; $ 7,200.00 ;11,984.00;86,512,685.00;
